9:00:04 AM → cantonese: upcoming
🔒 Locked cantonese → OaJ9ol35zbc
9:00:05 AM → english: upcoming
🔒 Locked english → A0u_GR9fTwk
9:00:05 AM → mandarin: upcoming
🔒 Locked mandarin → kgsqgbh18Vo
9:00:06 AM → joint: none
Quota used so far: 503
----
9:01:04 AM → cantonese: upcoming
9:01:04 AM → english: upcoming
9:01:04 AM → mandarin: upcoming
9:01:05 AM → joint: none
Quota used so far: 706
----
9:02:05 AM → cantonese: upcoming
9:02:05 AM → english: upcoming
9:02:05 AM → mandarin: upcoming
9:02:05 AM → joint: none
Quota used so far: 909
----
9:03:04 AM → cantonese: upcoming
9:03:04 AM → english: upcoming
9:03:04 AM → mandarin: upcoming
9:03:05 AM → joint: none
Quota used so far: 1112
----
9:04:04 AM → cantonese: upcoming
9:04:04 AM → english: upcoming
9:04:04 AM → mandarin: upcoming
9:04:05 AM → joint: none
Quota used so far: 1315
----
9:05:04 AM → cantonese: upcoming
9:05:04 AM → english: upcoming
9:05:04 AM → mandarin: upcoming
9:05:05 AM → joint: none
Quota used so far: 1518
----
9:06:04 AM → cantonese: upcoming
9:06:04 AM → english: upcoming
9:06:04 AM → mandarin: upcoming
9:06:05 AM → joint: none
Quota used so far: 1721
----
9:07:05 AM → cantonese: upcoming
9:07:05 AM → english: upcoming
9:07:05 AM → mandarin: upcoming
9:07:05 AM → joint: none
Quota used so far: 1924
----
9:08:04 AM → cantonese: upcoming
9:08:04 AM → english: upcoming
9:08:04 AM → mandarin: upcoming
9:08:05 AM → joint: none
Quota used so far: 2127
----
9:09:04 AM → cantonese: upcoming
9:09:04 AM → english: upcoming
9:09:05 AM → mandarin: upcoming
9:09:05 AM → joint: none
Quota used so far: 2330
----
9:10:04 AM → cantonese: upcoming
9:10:04 AM → english: upcoming
9:10:04 AM → mandarin: upcoming
9:10:05 AM → joint: none
Quota used so far: 2533
----
9:11:04 AM → cantonese: upcoming
9:11:04 AM → english: live | 👀 7
9:11:04 AM → mandarin: upcoming
9:11:05 AM → joint: none
Quota used so far: 2736
----
9:12:04 AM → cantonese: upcoming
9:12:04 AM → english: live | 👀 7
9:12:04 AM → mandarin: live | 👀 4
9:12:05 AM → joint: none
🛑 English & Mandarin have both been live. Joint disabled.
Quota used so far: 2939
----
9:13:04 AM → cantonese: upcoming
9:13:04 AM → english: live | 👀 7
9:13:04 AM → mandarin: live | 👀 0
Quota used so far: 2942
----
9:14:04 AM → cantonese: upcoming
9:14:04 AM → english: live | 👀 7
9:14:04 AM → mandarin: live | 👀 1
Quota used so far: 2945
----
9:15:04 AM → cantonese: upcoming
9:15:04 AM → english: live | 👀 11
9:15:04 AM → mandarin: live | 👀 1
Quota used so far: 2948
----
9:16:04 AM → cantonese: upcoming
9:16:04 AM → english: live | 👀 12
9:16:04 AM → mandarin: live | 👀 1
Quota used so far: 2951
----
9:17:04 AM → cantonese: upcoming
9:17:04 AM → english: live | 👀 12
9:17:04 AM → mandarin: live | 👀 1
Quota used so far: 2954
----
9:18:04 AM → cantonese: upcoming
9:18:04 AM → english: live | 👀 13
9:18:04 AM → mandarin: live | 👀 2
Quota used so far: 2957
----
9:19:04 AM → cantonese: upcoming
9:19:04 AM → english: live | 👀 14
9:19:04 AM → mandarin: live | 👀 3
Quota used so far: 2960
----
9:20:04 AM → cantonese: upcoming
9:20:04 AM → english: live | 👀 16
9:20:04 AM → mandarin: live | 👀 3
Quota used so far: 2963
----
9:21:04 AM → cantonese: upcoming
9:21:04 AM → english: live | 👀 20
9:21:04 AM → mandarin: live | 👀 3
Quota used so far: 2966
----
9:22:04 AM → cantonese: upcoming
9:22:04 AM → english: live | 👀 18
9:22:04 AM → mandarin: live | 👀 2
Quota used so far: 2969
----
9:23:04 AM → cantonese: upcoming
9:23:04 AM → english: live | 👀 19
9:23:04 AM → mandarin: live | 👀 3
Quota used so far: 2972
----
9:24:04 AM → cantonese: upcoming
9:24:04 AM → english: live | 👀 19
9:24:05 AM → mandarin: live | 👀 3
Quota used so far: 2975
----
9:25:04 AM → cantonese: upcoming
9:25:04 AM → english: live | 👀 20
9:25:04 AM → mandarin: live | 👀 3
Quota used so far: 2978
----
9:26:04 AM → cantonese: upcoming
9:26:04 AM → english: live | 👀 18
9:26:05 AM → mandarin: live | 👀 3
Quota used so far: 2981
----
9:27:04 AM → cantonese: upcoming
9:27:04 AM → english: live | 👀 17
9:27:04 AM → mandarin: live | 👀 3
Quota used so far: 2984
----
9:28:04 AM → cantonese: upcoming
9:28:04 AM → english: live | 👀 15
9:28:04 AM → mandarin: live | 👀 3
Quota used so far: 2987
----
9:29:04 AM → cantonese: upcoming
9:29:04 AM → english: live | 👀 16
9:29:05 AM → mandarin: live | 👀 4
Quota used so far: 2990
----
9:30:04 AM → cantonese: upcoming
9:30:04 AM → english: live | 👀 16
9:30:04 AM → mandarin: live | 👀 4
Quota used so far: 2993
----
9:31:04 AM → cantonese: upcoming
9:31:04 AM → english: live | 👀 16
9:31:04 AM → mandarin: live | 👀 4
Quota used so far: 2996
----
9:32:04 AM → cantonese: upcoming
9:32:04 AM → english: live | 👀 18
9:32:04 AM → mandarin: live | 👀 4
Quota used so far: 2999
----
9:33:04 AM → cantonese: upcoming
9:33:04 AM → english: live | 👀 18
9:33:04 AM → mandarin: live | 👀 5
Quota used so far: 3002
----
9:34:04 AM → cantonese: upcoming
9:34:04 AM → english: live | 👀 19
9:34:04 AM → mandarin: live | 👀 5
Quota used so far: 3005
----
9:35:04 AM → cantonese: upcoming
9:35:04 AM → english: live | 👀 18
9:35:04 AM → mandarin: live | 👀 5
Quota used so far: 3008
----
9:36:04 AM → cantonese: upcoming
9:36:04 AM → english: live | 👀 18
9:36:05 AM → mandarin: live | 👀 5
Quota used so far: 3011
----
9:37:04 AM → cantonese: upcoming
9:37:04 AM → english: live | 👀 19
9:37:04 AM → mandarin: live | 👀 5
Quota used so far: 3014
----
9:38:04 AM → cantonese: upcoming
9:38:04 AM → english: live | 👀 19
9:38:04 AM → mandarin: live | 👀 6
Quota used so far: 3017
----
9:39:04 AM → cantonese: upcoming
9:39:04 AM → english: live | 👀 20
9:39:04 AM → mandarin: live | 👀 6
Quota used so far: 3020
----
9:40:04 AM → cantonese: upcoming
9:40:04 AM → english: live | 👀 18
9:40:04 AM → mandarin: live | 👀 6
Quota used so far: 3023
----
9:41:04 AM → cantonese: upcoming
9:41:04 AM → english: live | 👀 18
9:41:04 AM → mandarin: live | 👀 4
Quota used so far: 3026
----
9:42:04 AM → cantonese: upcoming
9:42:04 AM → english: live | 👀 18
9:42:05 AM → mandarin: live | 👀 5
Quota used so far: 3029
----
9:43:04 AM → cantonese: upcoming
9:43:04 AM → english: live | 👀 18
9:43:05 AM → mandarin: live | 👀 5
Quota used so far: 3032
----
9:44:04 AM → cantonese: upcoming
9:44:04 AM → english: live | 👀 19
9:44:05 AM → mandarin: live | 👀 5
Quota used so far: 3035
----
9:45:04 AM → cantonese: upcoming
9:45:04 AM → english: live | 👀 19
9:45:04 AM → mandarin: live | 👀 5
Quota used so far: 3038
----
9:46:04 AM → cantonese: upcoming
9:46:04 AM → english: live | 👀 20
9:46:05 AM → mandarin: live | 👀 5
Quota used so far: 3041
----
9:47:04 AM → cantonese: upcoming
9:47:04 AM → english: live | 👀 19
9:47:04 AM → mandarin: live | 👀 5
Quota used so far: 3044
----
9:48:04 AM → cantonese: upcoming
9:48:04 AM → english: live | 👀 19
9:48:05 AM → mandarin: live | 👀 5
Quota used so far: 3047
----
9:49:04 AM → cantonese: upcoming
9:49:04 AM → english: live | 👀 19
9:49:04 AM → mandarin: live | 👀 5
Quota used so far: 3050
----
9:50:04 AM → cantonese: upcoming
9:50:04 AM → english: live | 👀 19
9:50:05 AM → mandarin: live | 👀 7
Quota used so far: 3053
----
9:51:04 AM → cantonese: upcoming
9:51:04 AM → english: live | 👀 19
9:51:04 AM → mandarin: live | 👀 5
Quota used so far: 3056
----
9:52:04 AM → cantonese: upcoming
9:52:04 AM → english: live | 👀 19
9:52:05 AM → mandarin: live | 👀 5
Quota used so far: 3059
----
9:53:04 AM → cantonese: upcoming
9:53:04 AM → english: live | 👀 20
9:53:05 AM → mandarin: live | 👀 4
Quota used so far: 3062
----
9:54:04 AM → cantonese: upcoming
9:54:04 AM → english: live | 👀 19
9:54:04 AM → mandarin: live | 👀 4
Quota used so far: 3065
----
9:55:04 AM → cantonese: upcoming
9:55:04 AM → english: live | 👀 19
9:55:05 AM → mandarin: live | 👀 4
Quota used so far: 3068
----
9:56:04 AM → cantonese: upcoming
9:56:04 AM → english: live | 👀 20
9:56:04 AM → mandarin: live | 👀 4
Quota used so far: 3071
----
9:57:04 AM → cantonese: upcoming
9:57:04 AM → english: live | 👀 21
9:57:04 AM → mandarin: live | 👀 4
Quota used so far: 3074
----
9:58:04 AM → cantonese: upcoming
9:58:04 AM → english: live | 👀 21
9:58:05 AM → mandarin: live | 👀 4
Quota used so far: 3077
----
9:59:04 AM → cantonese: upcoming
9:59:04 AM → english: live | 👀 20
9:59:05 AM → mandarin: live | 👀 4
Quota used so far: 3080
----
10:00:04 AM → cantonese: upcoming
10:00:04 AM → english: live | 👀 20
10:00:05 AM → mandarin: live | 👀 4
Quota used so far: 3083
----
10:01:04 AM → cantonese: upcoming
10:01:04 AM → english: live | 👀 22
10:01:05 AM → mandarin: live | 👀 5
Quota used so far: 3086
----
10:02:04 AM → cantonese: upcoming
10:02:04 AM → english: live | 👀 22
10:02:05 AM → mandarin: live | 👀 5
Quota used so far: 3089
----
10:03:04 AM → cantonese: upcoming
10:03:04 AM → english: live | 👀 20
10:03:05 AM → mandarin: live | 👀 5
Quota used so far: 3092
----
10:04:04 AM → cantonese: upcoming
10:04:04 AM → english: live | 👀 20
10:04:04 AM → mandarin: live | 👀 5
Quota used so far: 3095
----
10:05:04 AM → cantonese: upcoming
10:05:04 AM → english: live | 👀 21
10:05:05 AM → mandarin: live | 👀 6
Quota used so far: 3098
----
10:06:04 AM → cantonese: upcoming
10:06:04 AM → english: live | 👀 20
10:06:05 AM → mandarin: live | 👀 6
Quota used so far: 3101
----
10:07:04 AM → cantonese: upcoming
10:07:04 AM → english: live | 👀 20
10:07:04 AM → mandarin: live | 👀 6
Quota used so far: 3104
----
10:08:04 AM → cantonese: upcoming
10:08:04 AM → english: live | 👀 20
10:08:05 AM → mandarin: live | 👀 5
Quota used so far: 3107
----
10:09:04 AM → cantonese: upcoming
10:09:04 AM → english: live | 👀 19
10:09:05 AM → mandarin: live | 👀 5
Quota used so far: 3110
----
10:10:04 AM → cantonese: upcoming
10:10:04 AM → english: live | 👀 18
10:10:05 AM → mandarin: live | 👀 7
Quota used so far: 3113
----
10:11:04 AM → cantonese: upcoming
10:11:04 AM → english: live | 👀 20
10:11:05 AM → mandarin: live | 👀 6
Quota used so far: 3116
----
10:12:04 AM → cantonese: upcoming
10:12:04 AM → english: live | 👀 19
10:12:05 AM → mandarin: live | 👀 6
Quota used so far: 3119
----
10:13:04 AM → cantonese: upcoming
10:13:04 AM → english: live | 👀 19
10:13:05 AM → mandarin: live | 👀 6
Quota used so far: 3122
----
10:14:04 AM → cantonese: upcoming
10:14:04 AM → english: live | 👀 20
10:14:05 AM → mandarin: live | 👀 6
Quota used so far: 3125
----
10:15:04 AM → cantonese: upcoming
10:15:04 AM → english: live | 👀 21
10:15:05 AM → mandarin: live | 👀 7
Quota used so far: 3128
----
10:16:04 AM → cantonese: upcoming
10:16:04 AM → english: live | 👀 20
10:16:05 AM → mandarin: live | 👀 8
Quota used so far: 3131
----
10:17:04 AM → cantonese: upcoming
10:17:04 AM → english: live | 👀 20
10:17:05 AM → mandarin: live | 👀 7
Quota used so far: 3134
----
10:18:04 AM → cantonese: upcoming
10:18:04 AM → english: live | 👀 21
10:18:05 AM → mandarin: live | 👀 7
Quota used so far: 3137
----
10:19:04 AM → cantonese: upcoming
10:19:04 AM → english: live | 👀 22
10:19:04 AM → mandarin: live | 👀 6
Quota used so far: 3140
----
10:20:04 AM → cantonese: upcoming
10:20:04 AM → english: live | 👀 21
10:20:05 AM → mandarin: live | 👀 6
Quota used so far: 3143
----
10:21:04 AM → cantonese: upcoming
10:21:05 AM → english: live | 👀 21
10:21:05 AM → mandarin: live | 👀 6
Quota used so far: 3146
----
10:22:04 AM → cantonese: upcoming
10:22:04 AM → english: live | 👀 20
10:22:05 AM → mandarin: live | 👀 4
Quota used so far: 3149
----
10:23:04 AM → cantonese: upcoming
10:23:04 AM → english: live | 👀 20
10:23:05 AM → mandarin: live | 👀 4
Quota used so far: 3152
----
10:24:04 AM → cantonese: upcoming
10:24:04 AM → english: live | 👀 21
10:24:05 AM → mandarin: live | 👀 4
Quota used so far: 3155
----
10:25:04 AM → cantonese: upcoming
🛑 english stream just ended.
10:25:04 AM → english: none
10:25:05 AM → mandarin: live | 👀 7
Quota used so far: 3158
----
10:26:04 AM → cantonese: upcoming
10:26:04 AM → mandarin: live | 👀 6
Quota used so far: 3160
----
10:27:04 AM → cantonese: upcoming
10:27:04 AM → mandarin: live | 👀 6
Quota used so far: 3162
----
10:28:04 AM → cantonese: upcoming
10:28:04 AM → mandarin: live | 👀 6
Quota used so far: 3164
----
10:29:04 AM → cantonese: upcoming
10:29:04 AM → mandarin: live | 👀 6
Quota used so far: 3166
----
10:30:04 AM → cantonese: upcoming
10:30:04 AM → mandarin: live | 👀 5
Quota used so far: 3168
----
10:31:04 AM → cantonese: upcoming
10:31:04 AM → mandarin: live | 👀 5
Quota used so far: 3170
----
10:32:04 AM → cantonese: upcoming
10:32:04 AM → mandarin: live | 👀 5
Quota used so far: 3172
----
10:33:04 AM → cantonese: upcoming
10:33:04 AM → mandarin: live | 👀 5
Quota used so far: 3174
----
10:34:04 AM → cantonese: upcoming
10:34:04 AM → mandarin: live | 👀 5
Quota used so far: 3176
----
10:35:04 AM → cantonese: upcoming
10:35:04 AM → mandarin: live | 👀 5
Quota used so far: 3178
----
10:36:04 AM → cantonese: upcoming
10:36:04 AM → mandarin: live | 👀 5
Quota used so far: 3180
----
10:37:04 AM → cantonese: upcoming
10:37:04 AM → mandarin: live | 👀 5
Quota used so far: 3182
----
10:38:04 AM → cantonese: upcoming
10:38:04 AM → mandarin: live | 👀 5
Quota used so far: 3184
----
10:39:04 AM → cantonese: upcoming
10:39:04 AM → mandarin: live | 👀 5
Quota used so far: 3186
----
10:40:04 AM → cantonese: upcoming
10:40:04 AM → mandarin: live | 👀 5
Quota used so far: 3188
----
10:41:04 AM → cantonese: upcoming
🛑 mandarin stream just ended.
10:41:05 AM → mandarin: none
Quota used so far: 3190
----
10:42:04 AM → cantonese: upcoming
Quota used so far: 3191
----
10:43:04 AM → cantonese: upcoming
Quota used so far: 3192
----
10:44:04 AM → cantonese: upcoming
Quota used so far: 3193
----
10:45:04 AM → cantonese: upcoming
Quota used so far: 3194
----
10:46:04 AM → cantonese: upcoming
Quota used so far: 3195
----
10:47:04 AM → cantonese: upcoming
Quota used so far: 3196
----
10:48:04 AM → cantonese: upcoming
Quota used so far: 3197
----
10:49:04 AM → cantonese: upcoming
Quota used so far: 3198
----
10:50:04 AM → cantonese: upcoming
Quota used so far: 3199
----
10:51:04 AM → cantonese: upcoming
Quota used so far: 3200
----
10:52:04 AM → cantonese: upcoming
Quota used so far: 3201
----
10:53:04 AM → cantonese: upcoming
Quota used so far: 3202
----
10:54:04 AM → cantonese: upcoming
Quota used so far: 3203
----
10:55:04 AM → cantonese: upcoming
Quota used so far: 3204
----
10:56:04 AM → cantonese: upcoming
Quota used so far: 3205
----
10:57:04 AM → cantonese: upcoming
Quota used so far: 3206
----
10:58:04 AM → cantonese: live | 👀 6
Quota used so far: 3207
----
10:59:04 AM → cantonese: live | 👀 6
Quota used so far: 3208
----
11:00:04 AM → cantonese: live | 👀 6
Quota used so far: 3209
----
11:01:04 AM → cantonese: live | 👀 7
Quota used so far: 3210
----
11:02:04 AM → cantonese: live | 👀 7
Quota used so far: 3211
----
11:03:04 AM → cantonese: live | 👀 7
Quota used so far: 3212
----
11:04:04 AM → cantonese: live | 👀 9
Quota used so far: 3213
----
11:05:04 AM → cantonese: live | 👀 9
Quota used so far: 3214
----
11:06:04 AM → cantonese: live | 👀 12
Quota used so far: 3215
----
11:07:04 AM → cantonese: live | 👀 13
Quota used so far: 3216
----
11:08:04 AM → cantonese: live | 👀 13
Quota used so far: 3217
----
11:09:04 AM → cantonese: live | 👀 12
Quota used so far: 3218
----
11:10:04 AM → cantonese: live | 👀 15
Quota used so far: 3219
----
11:11:04 AM → cantonese: live | 👀 14
Quota used so far: 3220
----
11:12:05 AM → cantonese: live | 👀 14
Quota used so far: 3221
----
11:13:04 AM → cantonese: live | 👀 15
Quota used so far: 3222
----
11:14:04 AM → cantonese: live | 👀 15
Quota used so far: 3223
----
11:15:04 AM → cantonese: live | 👀 16
Quota used so far: 3224
----
11:16:04 AM → cantonese: live | 👀 15
Quota used so far: 3225
----
11:17:04 AM → cantonese: live | 👀 15
Quota used so far: 3226
----
11:18:04 AM → cantonese: live | 👀 16
Quota used so far: 3227
----
11:19:04 AM → cantonese: live | 👀 16
Quota used so far: 3228
----
11:20:04 AM → cantonese: live | 👀 16
Quota used so far: 3229
----
11:21:04 AM → cantonese: live | 👀 17
Quota used so far: 3230
----
11:22:04 AM → cantonese: live | 👀 17
Quota used so far: 3231
----
11:23:04 AM → cantonese: live | 👀 17
Quota used so far: 3232
----
11:24:04 AM → cantonese: live | 👀 17
Quota used so far: 3233
----
11:25:04 AM → cantonese: live | 👀 17
Quota used so far: 3234
----
11:26:04 AM → cantonese: live | 👀 17
Quota used so far: 3235
----
11:27:04 AM → cantonese: live | 👀 17
Quota used so far: 3236
----
11:28:04 AM → cantonese: live | 👀 17
Quota used so far: 3237
----
11:29:04 AM → cantonese: live | 👀 18
Quota used so far: 3238
----
11:30:04 AM → cantonese: live | 👀 18
Quota used so far: 3239
----
11:31:04 AM → cantonese: live | 👀 18
Quota used so far: 3240
----
11:32:04 AM → cantonese: live | 👀 19
Quota used so far: 3241
----
11:33:05 AM → cantonese: live | 👀 19
Quota used so far: 3242
----
11:34:04 AM → cantonese: live | 👀 19
Quota used so far: 3243
----
11:35:04 AM → cantonese: live | 👀 19
Quota used so far: 3244
----
11:36:05 AM → cantonese: live | 👀 19
Quota used so far: 3245
----
11:37:04 AM → cantonese: live | 👀 18
Quota used so far: 3246
----
11:38:05 AM → cantonese: live | 👀 19
Quota used so far: 3247
----
11:39:05 AM → cantonese: live | 👀 19
Quota used so far: 3248
----
11:40:05 AM → cantonese: live | 👀 19
Quota used so far: 3249
----
11:41:05 AM → cantonese: live | 👀 18
Quota used so far: 3250
----
11:42:04 AM → cantonese: live | 👀 20
Quota used so far: 3251
----
11:43:05 AM → cantonese: live | 👀 19
Quota used so far: 3252
----
11:44:04 AM → cantonese: live | 👀 19
Quota used so far: 3253
----
11:45:04 AM → cantonese: live | 👀 19
Quota used so far: 3254
----
11:46:05 AM → cantonese: live | 👀 19
Quota used so far: 3255
----
11:47:04 AM → cantonese: live | 👀 19
Quota used so far: 3256
----
11:48:05 AM → cantonese: live | 👀 18
Quota used so far: 3257
----
11:49:05 AM → cantonese: live | 👀 18
Quota used so far: 3258
----
11:50:05 AM → cantonese: live | 👀 18
Quota used so far: 3259
----
11:51:04 AM → cantonese: live | 👀 18
Quota used so far: 3260
----
11:52:05 AM → cantonese: live | 👀 18
Quota used so far: 3261
----
11:53:04 AM → cantonese: live | 👀 18
Quota used so far: 3262
----
11:54:04 AM → cantonese: live | 👀 18
Quota used so far: 3263
----
11:55:05 AM → cantonese: live | 👀 18
Quota used so far: 3264
----
11:56:04 AM → cantonese: live | 👀 19
Quota used so far: 3265
----
11:57:05 AM → cantonese: live | 👀 19
Quota used so far: 3266
----
11:58:05 AM → cantonese: live | 👀 19
Quota used so far: 3267
----
11:59:05 AM → cantonese: live | 👀 18
Quota used so far: 3268
----
12:00:05 PM → cantonese: live | 👀 18
Quota used so far: 3269
----
12:01:04 PM → cantonese: live | 👀 19
Quota used so far: 3270
----
12:02:05 PM → cantonese: live | 👀 16
Quota used so far: 3271
----
12:03:04 PM → cantonese: live | 👀 18
Quota used so far: 3272
----
12:04:05 PM → cantonese: live | 👀 18
Quota used so far: 3273
----
12:05:05 PM → cantonese: live | 👀 18
Quota used so far: 3274
----
12:06:05 PM → cantonese: live | 👀 17
Quota used so far: 3275
----
12:07:05 PM → cantonese: live | 👀 17
Quota used so far: 3276
----
12:08:05 PM → cantonese: live | 👀 18
Quota used so far: 3277
----
12:09:05 PM → cantonese: live | 👀 18
Quota used so far: 3278
----
12:10:05 PM → cantonese: live | 👀 17
Quota used so far: 3279
----
12:11:05 PM → cantonese: live | 👀 16
Quota used so far: 3280
----
12:12:05 PM → cantonese: live | 👀 14
Quota used so far: 3281
----
12:13:05 PM → cantonese: live | 👀 10
Quota used so far: 3282
----
🛑 cantonese stream just ended.
12:14:05 PM → cantonese: none
Quota used so far: 3283
----
✅ All streams finished. Exiting bridge.
9:00:05 AM → cantonese: upcoming
🔒 Locked cantonese → DiMikspQMgI
9:00:06 AM → english: upcoming
🔒 Locked english → 55HPUmwjSFk
9:00:06 AM → mandarin: upcoming
🔒 Locked mandarin → 2bxiTFWdxOg
9:00:07 AM → joint: none
Quota used so far: 503
----
9:02:05 AM → cantonese: upcoming
9:02:05 AM → english: upcoming
9:02:05 AM → mandarin: upcoming
9:02:06 AM → joint: none
Quota used so far: 706
----
9:04:05 AM → cantonese: upcoming
9:04:05 AM → english: upcoming
9:04:05 AM → mandarin: upcoming
9:04:06 AM → joint: none
Quota used so far: 909
----
9:06:05 AM → cantonese: upcoming
9:06:05 AM → english: upcoming
9:06:05 AM → mandarin: live | 👀 0
9:06:06 AM → joint: none
Quota used so far: 1112
----
9:08:05 AM → cantonese: upcoming
9:08:05 AM → english: upcoming
9:08:06 AM → mandarin: live | 👀 1
9:08:06 AM → joint: none
Quota used so far: 1315
----
9:10:05 AM → cantonese: upcoming
9:10:05 AM → english: upcoming
9:10:05 AM → mandarin: live | 👀 4
9:10:06 AM → joint: none
Quota used so far: 1518
----
9:12:05 AM → cantonese: upcoming
9:12:05 AM → english: live | 👀 3
9:12:05 AM → mandarin: live | 👀 4
9:12:06 AM → joint: none
🛑 English & Mandarin have both been live. Joint disabled.
Quota used so far: 1721
----
9:14:05 AM → cantonese: upcoming
9:14:05 AM → english: live | 👀 6
9:14:05 AM → mandarin: live | 👀 2
Quota used so far: 1724
----
9:16:05 AM → cantonese: upcoming
9:16:05 AM → english: live | 👀 7
9:16:05 AM → mandarin: live | 👀 5
Quota used so far: 1727
----
9:18:05 AM → cantonese: upcoming
9:18:05 AM → english: live | 👀 11
9:18:05 AM → mandarin: live | 👀 3
Quota used so far: 1730
----
9:20:05 AM → cantonese: upcoming
9:20:05 AM → english: live | 👀 12
9:20:05 AM → mandarin: live | 👀 3
Quota used so far: 1733
----
9:22:05 AM → cantonese: upcoming
9:22:05 AM → english: live | 👀 14
9:22:05 AM → mandarin: live | 👀 3
Quota used so far: 1736
----
9:24:05 AM → cantonese: upcoming
9:24:05 AM → english: live | 👀 15
9:24:05 AM → mandarin: live | 👀 3
Quota used so far: 1739
----
9:26:05 AM → cantonese: upcoming
9:26:05 AM → english: live | 👀 15
9:26:05 AM → mandarin: live | 👀 5
Quota used so far: 1742
----
9:28:05 AM → cantonese: upcoming
9:28:05 AM → english: live | 👀 17
9:28:05 AM → mandarin: live | 👀 4
Quota used so far: 1745
----
9:30:05 AM → cantonese: upcoming
9:30:05 AM → english: live | 👀 15
9:30:06 AM → mandarin: live | 👀 5
Quota used so far: 1748
----
9:32:05 AM → cantonese: upcoming
9:32:05 AM → english: live | 👀 15
9:32:06 AM → mandarin: live | 👀 4
Quota used so far: 1751
----
9:34:05 AM → cantonese: upcoming
9:34:05 AM → english: live | 👀 17
9:34:05 AM → mandarin: live | 👀 5
Quota used so far: 1754
----
9:36:05 AM → cantonese: upcoming
9:36:05 AM → english: live | 👀 14
9:36:06 AM → mandarin: live | 👀 5
Quota used so far: 1757
----
9:38:05 AM → cantonese: upcoming
9:38:05 AM → english: live | 👀 14
9:38:06 AM → mandarin: live | 👀 5
Quota used so far: 1760
----
9:40:05 AM → cantonese: upcoming
9:40:05 AM → english: live | 👀 14
9:40:06 AM → mandarin: live | 👀 5
Quota used so far: 1763
----
9:42:05 AM → cantonese: upcoming
9:42:05 AM → english: live | 👀 14
9:42:05 AM → mandarin: live | 👀 6
Quota used so far: 1766
----
9:44:05 AM → cantonese: upcoming
9:44:05 AM → english: live | 👀 15
9:44:06 AM → mandarin: live | 👀 5
Quota used so far: 1769
----
9:46:05 AM → cantonese: upcoming
9:46:05 AM → english: live | 👀 16
9:46:05 AM → mandarin: live | 👀 3
Quota used so far: 1772
----
9:48:05 AM → cantonese: upcoming
9:48:05 AM → english: live | 👀 16
9:48:06 AM → mandarin: live | 👀 3
Quota used so far: 1775
----
9:50:05 AM → cantonese: upcoming
9:50:05 AM → english: live | 👀 17
9:50:06 AM → mandarin: live | 👀 4
Quota used so far: 1778
----
9:52:05 AM → cantonese: upcoming
9:52:05 AM → english: live | 👀 18
9:52:06 AM → mandarin: live | 👀 6
Quota used so far: 1781
----
9:54:05 AM → cantonese: upcoming
9:54:05 AM → english: live | 👀 18
9:54:06 AM → mandarin: live | 👀 6
Quota used so far: 1784
----
9:56:05 AM → cantonese: upcoming
9:56:05 AM → english: live | 👀 18
9:56:06 AM → mandarin: live | 👀 6
Quota used so far: 1787
----
9:58:05 AM → cantonese: upcoming
9:58:05 AM → english: live | 👀 17
9:58:06 AM → mandarin: live | 👀 5
Quota used so far: 1790
----
10:00:05 AM → cantonese: upcoming
10:00:05 AM → english: live | 👀 17
10:00:05 AM → mandarin: live | 👀 5
Quota used so far: 1793
----
10:02:05 AM → cantonese: upcoming
10:02:05 AM → english: live | 👀 17
10:02:06 AM → mandarin: live | 👀 6
Quota used so far: 1796
----
10:04:05 AM → cantonese: upcoming
10:04:05 AM → english: live | 👀 17
10:04:06 AM → mandarin: live | 👀 6
Quota used so far: 1799
----
10:06:05 AM → cantonese: upcoming
10:06:05 AM → english: live | 👀 17
10:06:06 AM → mandarin: live | 👀 5
Quota used so far: 1802
----
10:08:05 AM → cantonese: upcoming
10:08:05 AM → english: live | 👀 17
10:08:06 AM → mandarin: live | 👀 5
Quota used so far: 1805
----
10:10:05 AM → cantonese: upcoming
10:10:05 AM → english: live | 👀 18
10:10:06 AM → mandarin: live | 👀 5
Quota used so far: 1808
----
10:12:05 AM → cantonese: upcoming
10:12:05 AM → english: live | 👀 17
10:12:05 AM → mandarin: live | 👀 5
Quota used so far: 1811
----
10:14:05 AM → cantonese: upcoming
10:14:05 AM → english: live | 👀 17
10:14:06 AM → mandarin: live | 👀 5
Quota used so far: 1814
----
10:16:05 AM → cantonese: upcoming
10:16:05 AM → english: live | 👀 16
10:16:06 AM → mandarin: live | 👀 6
Quota used so far: 1817
----
10:18:05 AM → cantonese: upcoming
10:18:06 AM → english: live | 👀 18
10:18:06 AM → mandarin: live | 👀 6
Quota used so far: 1820
----
10:20:05 AM → cantonese: upcoming
10:20:05 AM → english: live | 👀 18
10:20:05 AM → mandarin: live | 👀 5
Quota used so far: 1823
----
10:22:05 AM → cantonese: upcoming
10:22:05 AM → english: live | 👀 18
10:22:06 AM → mandarin: live | 👀 5
Quota used so far: 1826
----
10:24:05 AM → cantonese: upcoming
10:24:05 AM → english: live | 👀 16
10:24:06 AM → mandarin: live | 👀 5
Quota used so far: 1829
----
10:26:05 AM → cantonese: upcoming
10:26:05 AM → english: live | 👀 16
10:26:06 AM → mandarin: live | 👀 5
Quota used so far: 1832
----
10:28:05 AM → cantonese: upcoming
🛑 english stream just ended.
10:28:05 AM → english: none
10:28:05 AM → mandarin: live | 👀 4
Quota used so far: 1835
----
10:30:05 AM → cantonese: upcoming
10:30:05 AM → mandarin: live | 👀 4
Quota used so far: 1837
----
10:32:05 AM → cantonese: upcoming
10:32:05 AM → mandarin: live | 👀 3
Quota used so far: 1839
----
10:34:05 AM → cantonese: upcoming
🛑 mandarin stream just ended.
10:34:05 AM → mandarin: none
Quota used so far: 1841
----
10:36:05 AM → cantonese: upcoming
Quota used so far: 1842
----
10:38:05 AM → cantonese: upcoming
Quota used so far: 1843
----
10:40:05 AM → cantonese: upcoming
Quota used so far: 1844
----
10:42:05 AM → cantonese: upcoming
Quota used so far: 1845
----
10:44:05 AM → cantonese: upcoming
Quota used so far: 1846
----
10:46:05 AM → cantonese: upcoming
Quota used so far: 1847
----
10:48:05 AM → cantonese: upcoming
Quota used so far: 1848
----
10:50:05 AM → cantonese: upcoming
Quota used so far: 1849
----
10:52:05 AM → cantonese: upcoming
Quota used so far: 1850
----
10:54:05 AM → cantonese: upcoming
Quota used so far: 1851
----
10:56:05 AM → cantonese: upcoming
Quota used so far: 1852
----
10:58:05 AM → cantonese: upcoming
Quota used so far: 1853
----
11:00:05 AM → cantonese: live | 👀 6
Quota used so far: 1854
----
11:02:05 AM → cantonese: live | 👀 8
Quota used so far: 1855
----
11:04:05 AM → cantonese: live | 👀 9
Quota used so far: 1856
----
11:06:05 AM → cantonese: live | 👀 8
Quota used so far: 1857
----
11:08:05 AM → cantonese: live | 👀 10
Quota used so far: 1858
----
11:10:05 AM → cantonese: live | 👀 11
Quota used so far: 1859
----
11:12:05 AM → cantonese: live | 👀 15
Quota used so far: 1860
----
11:14:05 AM → cantonese: live | 👀 16
Quota used so far: 1861
----
11:16:05 AM → cantonese: live | 👀 16
Quota used so far: 1862
----
11:18:05 AM → cantonese: live | 👀 18
Quota used so far: 1863
----
11:20:05 AM → cantonese: live | 👀 16
Quota used so far: 1864
----
11:22:05 AM → cantonese: live | 👀 16
Quota used so far: 1865
----
11:24:05 AM → cantonese: live | 👀 15
Quota used so far: 1866
----
11:26:05 AM → cantonese: live | 👀 18
Quota used so far: 1867
----
11:28:05 AM → cantonese: live | 👀 16
Quota used so far: 1868
----
11:30:05 AM → cantonese: live | 👀 16
Quota used so far: 1869
----
11:32:05 AM → cantonese: live | 👀 17
Quota used so far: 1870
----
11:34:05 AM → cantonese: live | 👀 16
Quota used so far: 1871
----
11:36:05 AM → cantonese: live | 👀 16
Quota used so far: 1872
----
11:38:05 AM → cantonese: live | 👀 17
Quota used so far: 1873
----
11:40:05 AM → cantonese: live | 👀 17
Quota used so far: 1874
----
11:42:05 AM → cantonese: live | 👀 16
Quota used so far: 1875
----
11:44:05 AM → cantonese: live | 👀 16
Quota used so far: 1876
----
11:46:05 AM → cantonese: live | 👀 16
Quota used so far: 1877
----
11:48:05 AM → cantonese: live | 👀 16
Quota used so far: 1878
----
11:50:06 AM → cantonese: live | 👀 16
Quota used so far: 1879
----
11:52:05 AM → cantonese: live | 👀 17
Quota used so far: 1880
----
11:54:05 AM → cantonese: live | 👀 17
Quota used so far: 1881
----
11:56:05 AM → cantonese: live | 👀 17
Quota used so far: 1882
----
11:58:05 AM → cantonese: live | 👀 18
Quota used so far: 1883
----
12:00:05 PM → cantonese: live | 👀 20
Quota used so far: 1884
----
12:02:05 PM → cantonese: live | 👀 20
Quota used so far: 1885
----
12:04:05 PM → cantonese: live | 👀 19
Quota used so far: 1886
----
12:06:05 PM → cantonese: live | 👀 20
Quota used so far: 1887
----
12:08:05 PM → cantonese: live | 👀 19
Quota used so far: 1888
----
12:10:05 PM → cantonese: live | 👀 20
Quota used so far: 1889
----
12:12:06 PM → cantonese: live | 👀 18
Quota used so far: 1890
----
12:14:05 PM → cantonese: live | 👀 16
Quota used so far: 1891
----
🛑 cantonese stream just ended.
12:16:06 PM → cantonese: none
Quota used so far: 1892
----
✅ All streams finished. Exiting bridge.
9:00:06 AM → cantonese: upcoming
🔒 Locked cantonese → HzjkSGWk7mU
9:00:06 AM → english: upcoming
🔒 Locked english → Mj187WSfipg
9:00:06 AM → mandarin: upcoming
🔒 Locked mandarin → ICz6yuuYz5U
9:00:07 AM → joint: none
Quota used so far: 503
----
9:02:05 AM → cantonese: upcoming
9:02:05 AM → english: upcoming
9:02:05 AM → mandarin: upcoming
9:02:06 AM → joint: none
Quota used so far: 706
----
9:04:05 AM → cantonese: upcoming
9:04:05 AM → english: upcoming
9:04:05 AM → mandarin: upcoming
9:04:06 AM → joint: none
Quota used so far: 909
----
9:06:05 AM → cantonese: upcoming
9:06:05 AM → english: upcoming
9:06:05 AM → mandarin: upcoming
9:06:06 AM → joint: none
Quota used so far: 1112
----
9:08:05 AM → cantonese: upcoming
9:08:05 AM → english: upcoming
9:08:05 AM → mandarin: upcoming
9:08:06 AM → joint: none
Quota used so far: 1315
----
9:10:05 AM → cantonese: upcoming
9:10:05 AM → english: upcoming
9:10:05 AM → mandarin: upcoming
9:10:06 AM → joint: none
Quota used so far: 1518
----
9:12:05 AM → cantonese: upcoming
9:12:05 AM → english: live | 👀 5
9:12:06 AM → mandarin: upcoming
9:12:06 AM → joint: none
Quota used so far: 1721
----
9:14:05 AM → cantonese: upcoming
9:14:05 AM → english: live | 👀 5
9:14:05 AM → mandarin: upcoming
9:14:06 AM → joint: none
Quota used so far: 1924
----
9:16:05 AM → cantonese: upcoming
9:16:05 AM → english: live | 👀 8
9:16:05 AM → mandarin: live | 👀 6
9:16:06 AM → joint: none
🛑 English & Mandarin have both been live. Joint disabled.
Quota used so far: 2127
----
9:18:05 AM → cantonese: upcoming
9:18:05 AM → english: live | 👀 10
9:18:05 AM → mandarin: live | 👀 7
Quota used so far: 2130
----
9:20:06 AM → cantonese: upcoming
9:20:06 AM → english: live | 👀 12
9:20:06 AM → mandarin: live | 👀 7
Quota used so far: 2133
----
9:22:05 AM → cantonese: upcoming
9:22:05 AM → english: live | 👀 11
9:22:05 AM → mandarin: live | 👀 6
Quota used so far: 2136
----
9:24:05 AM → cantonese: upcoming
9:24:05 AM → english: live | 👀 11
9:24:05 AM → mandarin: live | 👀 6
Quota used so far: 2139
----
9:26:05 AM → cantonese: upcoming
9:26:05 AM → english: live | 👀 12
9:26:06 AM → mandarin: live | 👀 6
Quota used so far: 2142
----
9:28:05 AM → cantonese: upcoming
9:28:05 AM → english: live | 👀 15
9:28:05 AM → mandarin: live | 👀 6
Quota used so far: 2145
----
9:30:05 AM → cantonese: upcoming
9:30:05 AM → english: live | 👀 15
9:30:06 AM → mandarin: live | 👀 7
Quota used so far: 2148
----
9:32:05 AM → cantonese: upcoming
9:32:05 AM → english: live | 👀 15
9:32:06 AM → mandarin: live | 👀 6
Quota used so far: 2151
----
9:34:05 AM → cantonese: upcoming
9:34:05 AM → english: live | 👀 16
9:34:05 AM → mandarin: live | 👀 7
Quota used so far: 2154
----
9:36:05 AM → cantonese: upcoming
9:36:05 AM → english: live | 👀 18
9:36:05 AM → mandarin: live | 👀 6
Quota used so far: 2157
----
9:38:05 AM → cantonese: upcoming
9:38:05 AM → english: live | 👀 18
9:38:05 AM → mandarin: live | 👀 8
Quota used so far: 2160
----
9:40:05 AM → cantonese: upcoming
9:40:05 AM → english: live | 👀 18
9:40:06 AM → mandarin: live | 👀 9
Quota used so far: 2163
----
9:42:05 AM → cantonese: upcoming
9:42:05 AM → english: live | 👀 21
9:42:06 AM → mandarin: live | 👀 10
Quota used so far: 2166
----
9:44:05 AM → cantonese: upcoming
9:44:05 AM → english: live | 👀 23
9:44:05 AM → mandarin: live | 👀 9
Quota used so far: 2169
----
9:46:05 AM → cantonese: upcoming
9:46:05 AM → english: live | 👀 21
9:46:06 AM → mandarin: live | 👀 9
Quota used so far: 2172
----
9:48:05 AM → cantonese: upcoming
9:48:05 AM → english: live | 👀 21
9:48:05 AM → mandarin: live | 👀 8
Quota used so far: 2175
----
9:50:05 AM → cantonese: upcoming
9:50:05 AM → english: live | 👀 22
9:50:06 AM → mandarin: live | 👀 8
Quota used so far: 2178
----
9:52:05 AM → cantonese: upcoming
9:52:05 AM → english: live | 👀 22
9:52:05 AM → mandarin: live | 👀 9
Quota used so far: 2181
----
9:54:05 AM → cantonese: upcoming
9:54:05 AM → english: live | 👀 22
9:54:05 AM → mandarin: live | 👀 9
Quota used so far: 2184
----
9:56:05 AM → cantonese: upcoming
9:56:05 AM → english: live | 👀 23
9:56:05 AM → mandarin: live | 👀 9
Quota used so far: 2187
----
9:58:05 AM → cantonese: upcoming
9:58:05 AM → english: live | 👀 22
9:58:06 AM → mandarin: live | 👀 9
Quota used so far: 2190
----
10:00:05 AM → cantonese: upcoming
10:00:05 AM → english: live | 👀 22
10:00:06 AM → mandarin: live | 👀 9
Quota used so far: 2193
----
10:02:05 AM → cantonese: upcoming
10:02:05 AM → english: live | 👀 22
10:02:06 AM → mandarin: live | 👀 9
Quota used so far: 2196
----
10:04:05 AM → cantonese: upcoming
10:04:05 AM → english: live | 👀 21
10:04:05 AM → mandarin: live | 👀 9
Quota used so far: 2199
----
10:06:05 AM → cantonese: upcoming
10:06:05 AM → english: live | 👀 20
10:06:06 AM → mandarin: live | 👀 10
Quota used so far: 2202
----
10:08:05 AM → cantonese: upcoming
10:08:05 AM → english: live | 👀 21
10:08:06 AM → mandarin: live | 👀 9
Quota used so far: 2205
----
10:10:05 AM → cantonese: upcoming
10:10:05 AM → english: live | 👀 22
10:10:06 AM → mandarin: live | 👀 10
Quota used so far: 2208
----
10:12:05 AM → cantonese: upcoming
10:12:05 AM → english: live | 👀 22
10:12:06 AM → mandarin: live | 👀 11
Quota used so far: 2211
----
10:14:05 AM → cantonese: upcoming
10:14:05 AM → english: live | 👀 22
10:14:06 AM → mandarin: live | 👀 10
Quota used so far: 2214
----
10:16:06 AM → cantonese: upcoming
10:16:06 AM → english: live | 👀 22
10:16:06 AM → mandarin: live | 👀 10
Quota used so far: 2217
----
10:18:05 AM → cantonese: upcoming
10:18:05 AM → english: live | 👀 23
10:18:06 AM → mandarin: live | 👀 9
Quota used so far: 2220
----
10:20:05 AM → cantonese: upcoming
10:20:05 AM → english: live | 👀 24
10:20:06 AM → mandarin: live | 👀 10
Quota used so far: 2223
----
10:22:05 AM → cantonese: upcoming
10:22:05 AM → english: live | 👀 20
10:22:06 AM → mandarin: live | 👀 9
Quota used so far: 2226
----
10:24:05 AM → cantonese: upcoming
10:24:05 AM → english: live | 👀 22
10:24:06 AM → mandarin: live | 👀 11
Quota used so far: 2229
----
10:26:05 AM → cantonese: upcoming
10:26:05 AM → english: live | 👀 20
10:26:06 AM → mandarin: live | 👀 9
Quota used so far: 2232
----
10:28:05 AM → cantonese: upcoming
10:28:05 AM → english: live | 👀 20
10:28:06 AM → mandarin: live | 👀 10
Quota used so far: 2235
----
10:30:05 AM → cantonese: upcoming
10:30:05 AM → english: live | 👀 20
10:30:06 AM → mandarin: live | 👀 10
Quota used so far: 2238
----
10:32:05 AM → cantonese: upcoming
🛑 english stream just ended.
10:32:05 AM → english: none
10:32:06 AM → mandarin: live | 👀 10
Quota used so far: 2241
----
10:34:05 AM → cantonese: upcoming
🛑 mandarin stream just ended.
10:34:05 AM → mandarin: none
Quota used so far: 2243
----
10:36:05 AM → cantonese: upcoming
Quota used so far: 2244
----
10:38:05 AM → cantonese: upcoming
Quota used so far: 2245
----
10:40:05 AM → cantonese: upcoming
Quota used so far: 2246
----
10:42:05 AM → cantonese: upcoming
Quota used so far: 2247
----
10:44:05 AM → cantonese: upcoming
Quota used so far: 2248
----
10:46:05 AM → cantonese: upcoming
Quota used so far: 2249
----
10:48:05 AM → cantonese: upcoming
Quota used so far: 2250
----
10:50:05 AM → cantonese: upcoming
Quota used so far: 2251
----
10:52:05 AM → cantonese: upcoming
Quota used so far: 2252
----
10:54:05 AM → cantonese: upcoming
Quota used so far: 2253
----
10:56:05 AM → cantonese: live | 👀 7
Quota used so far: 2254
----
10:58:05 AM → cantonese: live | 👀 8
Quota used so far: 2255
----
11:00:05 AM → cantonese: live | 👀 9
Quota used so far: 2256
----
11:02:05 AM → cantonese: live | 👀 13
Quota used so far: 2257
----
11:04:05 AM → cantonese: live | 👀 15
Quota used so far: 2258
----
11:06:05 AM → cantonese: live | 👀 16
Quota used so far: 2259
----
11:08:05 AM → cantonese: live | 👀 15
Quota used so far: 2260
----
11:10:05 AM → cantonese: live | 👀 17
Quota used so far: 2261
----
11:12:05 AM → cantonese: live | 👀 19
Quota used so far: 2262
----
11:14:05 AM → cantonese: live | 👀 20
Quota used so far: 2263
----
11:16:05 AM → cantonese: live | 👀 19
Quota used so far: 2264
----
11:18:05 AM → cantonese: live | 👀 20
Quota used so far: 2265
----
11:20:05 AM → cantonese: live | 👀 21
Quota used so far: 2266
----
11:22:05 AM → cantonese: live | 👀 22
Quota used so far: 2267
----
11:24:05 AM → cantonese: live | 👀 22
Quota used so far: 2268
----
11:26:05 AM → cantonese: live | 👀 22
Quota used so far: 2269
----
11:28:05 AM → cantonese: live | 👀 22
Quota used so far: 2270
----
11:30:05 AM → cantonese: live | 👀 24
Quota used so far: 2271
----
11:32:05 AM → cantonese: live | 👀 24
Quota used so far: 2272
----
11:34:05 AM → cantonese: live | 👀 25
Quota used so far: 2273
----
11:36:05 AM → cantonese: live | 👀 24
Quota used so far: 2274
----
11:38:05 AM → cantonese: live | 👀 20
Quota used so far: 2275
----
11:40:05 AM → cantonese: live | 👀 21
Quota used so far: 2276
----
11:42:05 AM → cantonese: live | 👀 25
Quota used so far: 2277
----
11:44:05 AM → cantonese: live | 👀 24
Quota used so far: 2278
----
11:46:05 AM → cantonese: live | 👀 25
Quota used so far: 2279
----
11:48:05 AM → cantonese: live | 👀 26
Quota used so far: 2280
----
11:50:05 AM → cantonese: live | 👀 25
Quota used so far: 2281
----
11:52:05 AM → cantonese: live | 👀 25
Quota used so far: 2282
----
11:54:05 AM → cantonese: live | 👀 26
Quota used so far: 2283
----
11:56:05 AM → cantonese: live | 👀 25
Quota used so far: 2284
----
11:58:05 AM → cantonese: live | 👀 25
Quota used so far: 2285
----
12:00:05 PM → cantonese: live | 👀 24
Quota used so far: 2286
----
12:02:05 PM → cantonese: live | 👀 25
Quota used so far: 2287
----
12:04:05 PM → cantonese: live | 👀 25
Quota used so far: 2288
----
12:06:05 PM → cantonese: live | 👀 24
Quota used so far: 2289
----
12:08:05 PM → cantonese: live | 👀 24
Quota used so far: 2290
----
12:10:05 PM → cantonese: live | 👀 25
Quota used so far: 2291
----
12:12:05 PM → cantonese: live | 👀 23
Quota used so far: 2292
----
12:14:05 PM → cantonese: live | 👀 24
Quota used so far: 2293
----
12:16:05 PM → cantonese: live | 👀 24
Quota used so far: 2294
----
12:18:05 PM → cantonese: live | 👀 23
Quota used so far: 2295
----
12:20:05 PM → cantonese: live | 👀 22
Quota used so far: 2296
----
🛑 cantonese stream just ended.
12:22:05 PM → cantonese: none
Quota used so far: 2297
----
✅ All streams finished. Exiting bridge.
3/22/2026, 9:00:06 AM → cantonese: upcoming
🔒 Locked cantonese → yT6bTUImM-I
3/22/2026, 9:00:06 AM → english: upcoming
🔒 Locked english → DcqSTCjf8K0
3/22/2026, 9:00:07 AM → mandarin: upcoming
🔒 Locked mandarin → bpb7aCmHpd4
3/22/2026, 9:00:07 AM → joint: none
Quota used so far: 503
----
3/22/2026, 9:02:05 AM → cantonese: upcoming
3/22/2026, 9:02:05 AM → english: upcoming
3/22/2026, 9:02:06 AM → mandarin: upcoming
3/22/2026, 9:02:06 AM → joint: none
Quota used so far: 706
----
3/22/2026, 9:04:05 AM → cantonese: upcoming
3/22/2026, 9:04:05 AM → english: upcoming
3/22/2026, 9:04:06 AM → mandarin: upcoming
3/22/2026, 9:04:06 AM → joint: none
Quota used so far: 909
----
3/22/2026, 9:06:05 AM → cantonese: upcoming
3/22/2026, 9:06:05 AM → english: upcoming
3/22/2026, 9:06:06 AM → mandarin: upcoming
3/22/2026, 9:06:06 AM → joint: none
Quota used so far: 1112
----
3/22/2026, 9:08:05 AM → cantonese: upcoming
3/22/2026, 9:08:05 AM → english: upcoming
3/22/2026, 9:08:06 AM → mandarin: upcoming
3/22/2026, 9:08:06 AM → joint: none
Quota used so far: 1315
----
3/22/2026, 9:10:05 AM → cantonese: upcoming
3/22/2026, 9:10:05 AM → english: live | 👀 6
3/22/2026, 9:10:05 AM → mandarin: live | 👀 3
3/22/2026, 9:10:06 AM → joint: none
🛑 English & Mandarin have both been live. Joint disabled.
Quota used so far: 1518
----
3/22/2026, 9:12:05 AM → cantonese: upcoming
3/22/2026, 9:12:05 AM → english: live | 👀 4
3/22/2026, 9:12:05 AM → mandarin: live | 👀 4
Quota used so far: 1521
----
3/22/2026, 9:14:05 AM → cantonese: upcoming
3/22/2026, 9:14:05 AM → english: live | 👀 5
3/22/2026, 9:14:06 AM → mandarin: live | 👀 4
Quota used so far: 1524
----
3/22/2026, 9:16:05 AM → cantonese: upcoming
3/22/2026, 9:16:05 AM → english: live | 👀 8
3/22/2026, 9:16:05 AM → mandarin: live | 👀 4
Quota used so far: 1527
----
3/22/2026, 9:18:05 AM → cantonese: upcoming
3/22/2026, 9:18:05 AM → english: live | 👀 13
3/22/2026, 9:18:06 AM → mandarin: live | 👀 8
Quota used so far: 1530
----
3/22/2026, 9:20:05 AM → cantonese: upcoming
3/22/2026, 9:20:05 AM → english: live | 👀 14
3/22/2026, 9:20:06 AM → mandarin: live | 👀 12
Quota used so far: 1533
----
3/22/2026, 9:22:05 AM → cantonese: upcoming
3/22/2026, 9:22:05 AM → english: live | 👀 14
3/22/2026, 9:22:05 AM → mandarin: live | 👀 10
Quota used so far: 1536
----
3/22/2026, 9:24:05 AM → cantonese: upcoming
3/22/2026, 9:24:05 AM → english: live | 👀 15
3/22/2026, 9:24:06 AM → mandarin: live | 👀 10
Quota used so far: 1539
----
3/22/2026, 9:26:06 AM → cantonese: upcoming
3/22/2026, 9:26:06 AM → english: live | 👀 15
3/22/2026, 9:26:06 AM → mandarin: live | 👀 11
Quota used so far: 1542
----
3/22/2026, 9:28:05 AM → cantonese: upcoming
3/22/2026, 9:28:05 AM → english: live | 👀 16
3/22/2026, 9:28:06 AM → mandarin: live | 👀 8
Quota used so far: 1545
----
3/22/2026, 9:30:05 AM → cantonese: upcoming
3/22/2026, 9:30:05 AM → english: live | 👀 18
3/22/2026, 9:30:06 AM → mandarin: live | 👀 9
Quota used so far: 1548
----
3/22/2026, 9:32:05 AM → cantonese: upcoming
3/22/2026, 9:32:05 AM → english: live | 👀 16
3/22/2026, 9:32:06 AM → mandarin: live | 👀 8
Quota used so far: 1551
----
3/22/2026, 9:34:05 AM → cantonese: upcoming
3/22/2026, 9:34:05 AM → english: live | 👀 18
3/22/2026, 9:34:05 AM → mandarin: live | 👀 8
Quota used so far: 1554
----
3/22/2026, 9:36:05 AM → cantonese: upcoming
3/22/2026, 9:36:05 AM → english: live | 👀 19
3/22/2026, 9:36:06 AM → mandarin: live | 👀 9
Quota used so far: 1557
----
3/22/2026, 9:38:05 AM → cantonese: upcoming
3/22/2026, 9:38:06 AM → english: live | 👀 20
3/22/2026, 9:38:06 AM → mandarin: live | 👀 8
Quota used so far: 1560
----
3/22/2026, 9:40:05 AM → cantonese: upcoming
3/22/2026, 9:40:05 AM → english: live | 👀 20
3/22/2026, 9:40:05 AM → mandarin: live | 👀 11
Quota used so far: 1563
----
3/22/2026, 9:42:05 AM → cantonese: upcoming
3/22/2026, 9:42:05 AM → english: live | 👀 20
3/22/2026, 9:42:06 AM → mandarin: live | 👀 11
Quota used so far: 1566
----
3/22/2026, 9:44:05 AM → cantonese: upcoming
3/22/2026, 9:44:05 AM → english: live | 👀 20
3/22/2026, 9:44:05 AM → mandarin: live | 👀 10
Quota used so far: 1569
----
3/22/2026, 9:46:05 AM → cantonese: upcoming
3/22/2026, 9:46:05 AM → english: live | 👀 20
3/22/2026, 9:46:06 AM → mandarin: live | 👀 10
Quota used so far: 1572
----
3/22/2026, 9:48:05 AM → cantonese: upcoming
3/22/2026, 9:48:05 AM → english: live | 👀 20
3/22/2026, 9:48:05 AM → mandarin: live | 👀 10
Quota used so far: 1575
----
3/22/2026, 9:50:05 AM → cantonese: upcoming
3/22/2026, 9:50:05 AM → english: live | 👀 20
3/22/2026, 9:50:06 AM → mandarin: live | 👀 10
Quota used so far: 1578
----
3/22/2026, 9:52:05 AM → cantonese: upcoming
3/22/2026, 9:52:05 AM → english: live | 👀 20
3/22/2026, 9:52:06 AM → mandarin: live | 👀 8
Quota used so far: 1581
----
3/22/2026, 9:54:05 AM → cantonese: upcoming
3/22/2026, 9:54:06 AM → english: live | 👀 20
3/22/2026, 9:54:06 AM → mandarin: live | 👀 7
Quota used so far: 1584
----
3/22/2026, 9:56:05 AM → cantonese: upcoming
3/22/2026, 9:56:05 AM → english: live | 👀 20
3/22/2026, 9:56:06 AM → mandarin: live | 👀 8
Quota used so far: 1587
----
3/22/2026, 9:58:05 AM → cantonese: upcoming
3/22/2026, 9:58:05 AM → english: live | 👀 20
3/22/2026, 9:58:06 AM → mandarin: live | 👀 9
Quota used so far: 1590
----
3/22/2026, 10:00:05 AM → cantonese: upcoming
3/22/2026, 10:00:05 AM → english: live | 👀 19
3/22/2026, 10:00:06 AM → mandarin: live | 👀 8
Quota used so far: 1593
----
3/22/2026, 10:02:05 AM → cantonese: upcoming
3/22/2026, 10:02:06 AM → english: live | 👀 20
3/22/2026, 10:02:06 AM → mandarin: live | 👀 8
Quota used so far: 1596
----
3/22/2026, 10:04:05 AM → cantonese: upcoming
3/22/2026, 10:04:06 AM → english: live | 👀 21
3/22/2026, 10:04:06 AM → mandarin: live | 👀 8
Quota used so far: 1599
----
3/22/2026, 10:06:05 AM → cantonese: upcoming
3/22/2026, 10:06:05 AM → english: live | 👀 21
3/22/2026, 10:06:06 AM → mandarin: live | 👀 8
Quota used so far: 1602
----
3/22/2026, 10:08:05 AM → cantonese: upcoming
3/22/2026, 10:08:05 AM → english: live | 👀 23
3/22/2026, 10:08:06 AM → mandarin: live | 👀 8
Quota used so far: 1605
----
3/22/2026, 10:10:05 AM → cantonese: upcoming
3/22/2026, 10:10:05 AM → english: live | 👀 19
3/22/2026, 10:10:06 AM → mandarin: live | 👀 9
Quota used so far: 1608
----
3/22/2026, 10:12:05 AM → cantonese: upcoming
3/22/2026, 10:12:06 AM → english: live | 👀 19
3/22/2026, 10:12:06 AM → mandarin: live | 👀 8
Quota used so far: 1611
----
3/22/2026, 10:14:05 AM → cantonese: upcoming
3/22/2026, 10:14:06 AM → english: live | 👀 22
3/22/2026, 10:14:06 AM → mandarin: live | 👀 9
Quota used so far: 1614
----
3/22/2026, 10:16:05 AM → cantonese: upcoming
3/22/2026, 10:16:05 AM → english: live | 👀 22
3/22/2026, 10:16:06 AM → mandarin: live | 👀 9
Quota used so far: 1617
----
3/22/2026, 10:18:05 AM → cantonese: upcoming
3/22/2026, 10:18:05 AM → english: live | 👀 22
3/22/2026, 10:18:06 AM → mandarin: live | 👀 8
Quota used so far: 1620
----
3/22/2026, 10:20:05 AM → cantonese: upcoming
3/22/2026, 10:20:05 AM → english: live | 👀 23
3/22/2026, 10:20:06 AM → mandarin: live | 👀 8
Quota used so far: 1623
----
3/22/2026, 10:22:05 AM → cantonese: upcoming
3/22/2026, 10:22:05 AM → english: live | 👀 18
3/22/2026, 10:22:06 AM → mandarin: live | 👀 8
Quota used so far: 1626
----
3/22/2026, 10:24:05 AM → cantonese: upcoming
3/22/2026, 10:24:06 AM → english: live | 👀 17
3/22/2026, 10:24:06 AM → mandarin: live | 👀 8
Quota used so far: 1629
----
3/22/2026, 10:26:05 AM → cantonese: upcoming
3/22/2026, 10:26:05 AM → english: live | 👀 17
3/22/2026, 10:26:06 AM → mandarin: live | 👀 8
Quota used so far: 1632
----
3/22/2026, 10:28:05 AM → cantonese: upcoming
3/22/2026, 10:28:05 AM → english: live | 👀 19
3/22/2026, 10:28:06 AM → mandarin: live | 👀 8
Quota used so far: 1635
----
3/22/2026, 10:30:05 AM → cantonese: upcoming
🛑 english stream just ended.
3/22/2026, 10:30:06 AM → english: none
3/22/2026, 10:30:06 AM → mandarin: live | 👀 8
Quota used so far: 1638
----
3/22/2026, 10:32:05 AM → cantonese: upcoming
🛑 mandarin stream just ended.
3/22/2026, 10:32:05 AM → mandarin: none
Quota used so far: 1640
----
3/22/2026, 10:34:05 AM → cantonese: upcoming
Quota used so far: 1641
----
3/22/2026, 10:36:05 AM → cantonese: upcoming
Quota used so far: 1642
----
3/22/2026, 10:38:05 AM → cantonese: upcoming
Quota used so far: 1643
----
3/22/2026, 10:40:05 AM → cantonese: upcoming
Quota used so far: 1644
----
3/22/2026, 10:42:05 AM → cantonese: upcoming
Quota used so far: 1645
----
3/22/2026, 10:44:05 AM → cantonese: upcoming
Quota used so far: 1646
----
3/22/2026, 10:46:05 AM → cantonese: upcoming
Quota used so far: 1647
----
3/22/2026, 10:48:05 AM → cantonese: upcoming
Quota used so far: 1648
----
3/22/2026, 10:50:05 AM → cantonese: upcoming
Quota used so far: 1649
----
3/22/2026, 10:52:05 AM → cantonese: upcoming
Quota used so far: 1650
----
3/22/2026, 10:54:05 AM → cantonese: upcoming
Quota used so far: 1651
----
3/22/2026, 10:56:05 AM → cantonese: upcoming
Quota used so far: 1652
----
3/22/2026, 10:58:05 AM → cantonese: upcoming
Quota used so far: 1653
----
3/22/2026, 11:00:05 AM → cantonese: live | 👀 8
Quota used so far: 1654
----
3/22/2026, 11:02:05 AM → cantonese: live | 👀 11
Quota used so far: 1655
----
3/22/2026, 11:04:05 AM → cantonese: live | 👀 11
Quota used so far: 1656
----
3/22/2026, 11:06:05 AM → cantonese: live | 👀 9
Quota used so far: 1657
----
3/22/2026, 11:08:05 AM → cantonese: live | 👀 10
Quota used so far: 1658
----
3/22/2026, 11:10:05 AM → cantonese: live | 👀 9
Quota used so far: 1659
----
3/22/2026, 11:12:05 AM → cantonese: live | 👀 14
Quota used so far: 1660
----
3/22/2026, 11:14:05 AM → cantonese: live | 👀 13
Quota used so far: 1661
----
3/22/2026, 11:16:05 AM → cantonese: live | 👀 13
Quota used so far: 1662
----
3/22/2026, 11:18:05 AM → cantonese: live | 👀 14
Quota used so far: 1663
----
3/22/2026, 11:20:06 AM → cantonese: live | 👀 15
Quota used so far: 1664
----
3/22/2026, 11:22:05 AM → cantonese: live | 👀 18
Quota used so far: 1665
----
3/22/2026, 11:24:05 AM → cantonese: live | 👀 18
Quota used so far: 1666
----
3/22/2026, 11:26:05 AM → cantonese: live | 👀 12
Quota used so far: 1667
----
3/22/2026, 11:28:05 AM → cantonese: live | 👀 14
Quota used so far: 1668
----
3/22/2026, 11:30:06 AM → cantonese: live | 👀 13
Quota used so far: 1669
----
3/22/2026, 11:32:05 AM → cantonese: live | 👀 15
Quota used so far: 1670
----
3/22/2026, 11:34:05 AM → cantonese: live | 👀 17
Quota used so far: 1671
----
3/22/2026, 11:36:05 AM → cantonese: live | 👀 16
Quota used so far: 1672
----
3/22/2026, 11:38:05 AM → cantonese: live | 👀 17
Quota used so far: 1673
----
3/22/2026, 11:40:05 AM → cantonese: live | 👀 16
Quota used so far: 1674
----
3/22/2026, 11:42:05 AM → cantonese: live | 👀 17
Quota used so far: 1675
----
3/22/2026, 11:44:05 AM → cantonese: live | 👀 17
Quota used so far: 1676
----
3/22/2026, 11:46:05 AM → cantonese: live | 👀 17
Quota used so far: 1677
----
3/22/2026, 11:48:06 AM → cantonese: live | 👀 14
Quota used so far: 1678
----
3/22/2026, 11:50:05 AM → cantonese: live | 👀 12
Quota used so far: 1679
----
3/22/2026, 11:52:05 AM → cantonese: live | 👀 17
Quota used so far: 1680
----
3/22/2026, 11:54:05 AM → cantonese: live | 👀 16
Quota used so far: 1681
----
3/22/2026, 11:56:05 AM → cantonese: live | 👀 16
Quota used so far: 1682
----
3/22/2026, 11:58:05 AM → cantonese: live | 👀 17
Quota used so far: 1683
----
3/22/2026, 12:00:06 PM → cantonese: live | 👀 16
Quota used so far: 1684
----
3/22/2026, 12:02:05 PM → cantonese: live | 👀 11
Quota used so far: 1685
----
3/22/2026, 12:04:06 PM → cantonese: live | 👀 13
Quota used so far: 1686
----
3/22/2026, 12:06:06 PM → cantonese: live | 👀 16
Quota used so far: 1687
----
🛑 cantonese stream just ended.
3/22/2026, 12:08:06 PM → cantonese: none
Quota used so far: 1688
----
✅ All streams finished. Exiting bridge.
3/29/2026, 9:00:04 AM → cantonese: upcoming
🔒 Locked cantonese → 9OrqI7SqCfI
3/29/2026, 9:00:04 AM → english: upcoming
🔒 Locked english → OtxGmwHVvPA
3/29/2026, 9:00:05 AM → mandarin: upcoming
🔒 Locked mandarin → cf8dQ1OlXqU
3/29/2026, 9:00:05 AM → joint: upcoming
🔒 Locked joint → OtxGmwHVvPA
Quota used so far: 404
----
3/29/2026, 9:02:04 AM → cantonese: upcoming
3/29/2026, 9:02:04 AM → english: upcoming
3/29/2026, 9:02:04 AM → mandarin: upcoming
3/29/2026, 9:02:04 AM → joint: upcoming
Quota used so far: 408
----
3/29/2026, 9:04:04 AM → cantonese: upcoming
3/29/2026, 9:04:04 AM → english: upcoming
3/29/2026, 9:04:04 AM → mandarin: upcoming
3/29/2026, 9:04:04 AM → joint: upcoming
Quota used so far: 412
----
3/29/2026, 9:06:04 AM → cantonese: upcoming
3/29/2026, 9:06:04 AM → english: upcoming
3/29/2026, 9:06:04 AM → mandarin: upcoming
3/29/2026, 9:06:04 AM → joint: upcoming
Quota used so far: 416
----
3/29/2026, 9:08:04 AM → cantonese: upcoming
3/29/2026, 9:08:04 AM → english: upcoming
3/29/2026, 9:08:04 AM → mandarin: upcoming
3/29/2026, 9:08:04 AM → joint: upcoming
Quota used so far: 420
----
3/29/2026, 9:10:04 AM → cantonese: upcoming
3/29/2026, 9:10:04 AM → english: upcoming
3/29/2026, 9:10:04 AM → mandarin: live | 👀 2
3/29/2026, 9:10:04 AM → joint: upcoming
Quota used so far: 424
----
3/29/2026, 9:12:04 AM → cantonese: upcoming
3/29/2026, 9:12:04 AM → english: upcoming
3/29/2026, 9:12:04 AM → mandarin: live | 👀 3
3/29/2026, 9:12:04 AM → joint: upcoming
Quota used so far: 428
----
3/29/2026, 9:14:04 AM → cantonese: upcoming
3/29/2026, 9:14:04 AM → english: upcoming
3/29/2026, 9:14:04 AM → mandarin: live | 👀 3
3/29/2026, 9:14:04 AM → joint: upcoming
Quota used so far: 432
----
3/29/2026, 9:16:04 AM → cantonese: upcoming
3/29/2026, 9:16:04 AM → english: upcoming
3/29/2026, 9:16:04 AM → mandarin: live | 👀 6
3/29/2026, 9:16:04 AM → joint: upcoming
Quota used so far: 436
----
3/29/2026, 9:18:04 AM → cantonese: upcoming
3/29/2026, 9:18:04 AM → english: upcoming
3/29/2026, 9:18:04 AM → mandarin: live | 👀 6
3/29/2026, 9:18:04 AM → joint: upcoming
Quota used so far: 440
----
3/29/2026, 9:20:04 AM → cantonese: upcoming
3/29/2026, 9:20:04 AM → english: upcoming
3/29/2026, 9:20:04 AM → mandarin: live | 👀 8
3/29/2026, 9:20:04 AM → joint: upcoming
Quota used so far: 444
----
3/29/2026, 9:22:04 AM → cantonese: upcoming
3/29/2026, 9:22:04 AM → english: upcoming
3/29/2026, 9:22:04 AM → mandarin: live | 👀 7
3/29/2026, 9:22:04 AM → joint: upcoming
Quota used so far: 448
----
3/29/2026, 9:24:04 AM → cantonese: upcoming
3/29/2026, 9:24:04 AM → english: upcoming
3/29/2026, 9:24:04 AM → mandarin: live | 👀 6
3/29/2026, 9:24:04 AM → joint: upcoming
Quota used so far: 452
----
3/29/2026, 9:26:04 AM → cantonese: upcoming
3/29/2026, 9:26:04 AM → english: upcoming
3/29/2026, 9:26:04 AM → mandarin: live | 👀 6
3/29/2026, 9:26:04 AM → joint: upcoming
Quota used so far: 456
----
3/29/2026, 9:28:04 AM → cantonese: upcoming
3/29/2026, 9:28:04 AM → english: upcoming
3/29/2026, 9:28:04 AM → mandarin: live | 👀 6
3/29/2026, 9:28:04 AM → joint: upcoming
Quota used so far: 460
----
3/29/2026, 9:30:04 AM → cantonese: upcoming
3/29/2026, 9:30:04 AM → english: upcoming
3/29/2026, 9:30:04 AM → mandarin: live | 👀 7
3/29/2026, 9:30:04 AM → joint: upcoming
Quota used so far: 464
----
3/29/2026, 9:32:04 AM → cantonese: upcoming
3/29/2026, 9:32:04 AM → english: upcoming
3/29/2026, 9:32:04 AM → mandarin: live | 👀 5
3/29/2026, 9:32:04 AM → joint: upcoming
Quota used so far: 468
----
3/29/2026, 9:34:04 AM → cantonese: upcoming
3/29/2026, 9:34:04 AM → english: upcoming
3/29/2026, 9:34:04 AM → mandarin: live | 👀 5
3/29/2026, 9:34:04 AM → joint: upcoming
Quota used so far: 472
----
3/29/2026, 9:36:04 AM → cantonese: upcoming
3/29/2026, 9:36:04 AM → english: upcoming
3/29/2026, 9:36:04 AM → mandarin: live | 👀 5
3/29/2026, 9:36:04 AM → joint: upcoming
Quota used so far: 476
----
3/29/2026, 9:38:04 AM → cantonese: upcoming
3/29/2026, 9:38:04 AM → english: upcoming
3/29/2026, 9:38:04 AM → mandarin: live | 👀 6
3/29/2026, 9:38:04 AM → joint: upcoming
Quota used so far: 480
----
3/29/2026, 9:40:04 AM → cantonese: upcoming
3/29/2026, 9:40:04 AM → english: upcoming
3/29/2026, 9:40:04 AM → mandarin: live | 👀 7
3/29/2026, 9:40:04 AM → joint: upcoming
Quota used so far: 484
----
3/29/2026, 9:42:04 AM → cantonese: upcoming
3/29/2026, 9:42:04 AM → english: upcoming
3/29/2026, 9:42:04 AM → mandarin: live | 👀 4
3/29/2026, 9:42:04 AM → joint: upcoming
Quota used so far: 488
----
3/29/2026, 9:44:04 AM → cantonese: upcoming
3/29/2026, 9:44:04 AM → english: upcoming
3/29/2026, 9:44:04 AM → mandarin: live | 👀 5
3/29/2026, 9:44:04 AM → joint: upcoming
Quota used so far: 492
----
3/29/2026, 9:46:04 AM → cantonese: upcoming
3/29/2026, 9:46:04 AM → english: upcoming
3/29/2026, 9:46:04 AM → mandarin: live | 👀 7
3/29/2026, 9:46:04 AM → joint: upcoming
Quota used so far: 496
----
3/29/2026, 9:48:04 AM → cantonese: upcoming
3/29/2026, 9:48:04 AM → english: upcoming
3/29/2026, 9:48:04 AM → mandarin: live | 👀 9
3/29/2026, 9:48:04 AM → joint: upcoming
Quota used so far: 500
----
3/29/2026, 9:50:04 AM → cantonese: upcoming
3/29/2026, 9:50:04 AM → english: upcoming
3/29/2026, 9:50:04 AM → mandarin: live | 👀 7
3/29/2026, 9:50:04 AM → joint: upcoming
Quota used so far: 504
----
3/29/2026, 9:52:04 AM → cantonese: upcoming
3/29/2026, 9:52:04 AM → english: upcoming
3/29/2026, 9:52:04 AM → mandarin: live | 👀 7
3/29/2026, 9:52:04 AM → joint: upcoming
Quota used so far: 508
----
3/29/2026, 9:54:04 AM → cantonese: upcoming
3/29/2026, 9:54:04 AM → english: upcoming
3/29/2026, 9:54:04 AM → mandarin: live | 👀 8
3/29/2026, 9:54:04 AM → joint: upcoming
Quota used so far: 512
----
3/29/2026, 9:56:04 AM → cantonese: upcoming
3/29/2026, 9:56:04 AM → english: upcoming
3/29/2026, 9:56:04 AM → mandarin: live | 👀 7
3/29/2026, 9:56:04 AM → joint: upcoming
Quota used so far: 516
----
3/29/2026, 9:58:04 AM → cantonese: upcoming
3/29/2026, 9:58:04 AM → english: upcoming
3/29/2026, 9:58:04 AM → mandarin: live | 👀 7
3/29/2026, 9:58:04 AM → joint: upcoming
Quota used so far: 520
----
3/29/2026, 10:00:04 AM → cantonese: upcoming
3/29/2026, 10:00:04 AM → english: upcoming
3/29/2026, 10:00:04 AM → mandarin: live | 👀 7
3/29/2026, 10:00:04 AM → joint: upcoming
Quota used so far: 524
----
3/29/2026, 10:02:04 AM → cantonese: upcoming
3/29/2026, 10:02:04 AM → english: upcoming
3/29/2026, 10:02:04 AM → mandarin: live | 👀 7
3/29/2026, 10:02:04 AM → joint: upcoming
Quota used so far: 528
----
3/29/2026, 10:04:04 AM → cantonese: upcoming
3/29/2026, 10:04:04 AM → english: upcoming
3/29/2026, 10:04:04 AM → mandarin: live | 👀 7
3/29/2026, 10:04:04 AM → joint: upcoming
Quota used so far: 532
----
3/29/2026, 10:06:04 AM → cantonese: upcoming
3/29/2026, 10:06:04 AM → english: upcoming
3/29/2026, 10:06:04 AM → mandarin: live | 👀 8
3/29/2026, 10:06:04 AM → joint: upcoming
Quota used so far: 536
----
3/29/2026, 10:08:04 AM → cantonese: upcoming
3/29/2026, 10:08:04 AM → english: upcoming
3/29/2026, 10:08:04 AM → mandarin: live | 👀 7
3/29/2026, 10:08:04 AM → joint: upcoming
Quota used so far: 540
----
3/29/2026, 10:10:04 AM → cantonese: upcoming
3/29/2026, 10:10:04 AM → english: upcoming
3/29/2026, 10:10:04 AM → mandarin: live | 👀 8
3/29/2026, 10:10:04 AM → joint: upcoming
Quota used so far: 544
----
3/29/2026, 10:12:04 AM → cantonese: upcoming
3/29/2026, 10:12:04 AM → english: upcoming
3/29/2026, 10:12:04 AM → mandarin: live | 👀 8
3/29/2026, 10:12:04 AM → joint: upcoming
Quota used so far: 548
----
3/29/2026, 10:14:04 AM → cantonese: upcoming
3/29/2026, 10:14:04 AM → english: upcoming
3/29/2026, 10:14:04 AM → mandarin: live | 👀 8
3/29/2026, 10:14:04 AM → joint: upcoming
Quota used so far: 552
----
3/29/2026, 10:16:04 AM → cantonese: upcoming
3/29/2026, 10:16:04 AM → english: upcoming
3/29/2026, 10:16:04 AM → mandarin: live | 👀 8
3/29/2026, 10:16:04 AM → joint: upcoming
Quota used so far: 556
----
3/29/2026, 10:18:04 AM → cantonese: upcoming
3/29/2026, 10:18:04 AM → english: upcoming
3/29/2026, 10:18:04 AM → mandarin: live | 👀 8
3/29/2026, 10:18:04 AM → joint: upcoming
Quota used so far: 560
----
3/29/2026, 10:20:04 AM → cantonese: upcoming
3/29/2026, 10:20:04 AM → english: upcoming
3/29/2026, 10:20:04 AM → mandarin: live | 👀 8
3/29/2026, 10:20:04 AM → joint: upcoming
Quota used so far: 564
----
3/29/2026, 10:22:04 AM → cantonese: upcoming
3/29/2026, 10:22:04 AM → english: upcoming
3/29/2026, 10:22:04 AM → mandarin: live | 👀 8
3/29/2026, 10:22:04 AM → joint: upcoming
Quota used so far: 568
----
3/29/2026, 10:24:04 AM → cantonese: upcoming
3/29/2026, 10:24:04 AM → english: upcoming
3/29/2026, 10:24:04 AM → mandarin: live | 👀 8
3/29/2026, 10:24:04 AM → joint: upcoming
Quota used so far: 572
----
3/29/2026, 10:26:04 AM → cantonese: upcoming
3/29/2026, 10:26:04 AM → english: upcoming
3/29/2026, 10:26:04 AM → mandarin: live | 👀 7
3/29/2026, 10:26:04 AM → joint: upcoming
Quota used so far: 576
----
3/29/2026, 10:28:04 AM → cantonese: upcoming
3/29/2026, 10:28:04 AM → english: upcoming
3/29/2026, 10:28:04 AM → mandarin: live | 👀 8
3/29/2026, 10:28:04 AM → joint: upcoming
Quota used so far: 580
----
3/29/2026, 10:30:04 AM → cantonese: upcoming
3/29/2026, 10:30:04 AM → english: upcoming
3/29/2026, 10:30:04 AM → mandarin: live | 👀 5
3/29/2026, 10:30:04 AM → joint: upcoming
Quota used so far: 584
----
3/29/2026, 10:32:04 AM → cantonese: upcoming
3/29/2026, 10:32:04 AM → english: upcoming
🛑 mandarin stream just ended.
3/29/2026, 10:32:04 AM → mandarin: none
3/29/2026, 10:32:04 AM → joint: upcoming
Quota used so far: 588
----
3/29/2026, 10:34:04 AM → cantonese: upcoming
3/29/2026, 10:34:04 AM → english: upcoming
3/29/2026, 10:34:04 AM → joint: upcoming
Quota used so far: 591
----
3/29/2026, 10:36:04 AM → cantonese: upcoming
3/29/2026, 10:36:04 AM → english: upcoming
3/29/2026, 10:36:04 AM → joint: upcoming
Quota used so far: 594
----
3/29/2026, 10:38:04 AM → cantonese: upcoming
3/29/2026, 10:38:04 AM → english: upcoming
3/29/2026, 10:38:04 AM → joint: upcoming
Quota used so far: 597
----
3/29/2026, 10:40:04 AM → cantonese: upcoming
3/29/2026, 10:40:04 AM → english: upcoming
3/29/2026, 10:40:04 AM → joint: upcoming
Quota used so far: 600
----
3/29/2026, 10:42:04 AM → cantonese: upcoming
3/29/2026, 10:42:04 AM → english: upcoming
3/29/2026, 10:42:04 AM → joint: upcoming
Quota used so far: 603
----
3/29/2026, 10:44:04 AM → cantonese: upcoming
3/29/2026, 10:44:04 AM → english: upcoming
3/29/2026, 10:44:04 AM → joint: upcoming
Quota used so far: 606
----
3/29/2026, 10:46:04 AM → cantonese: upcoming
3/29/2026, 10:46:04 AM → english: upcoming
3/29/2026, 10:46:04 AM → joint: upcoming
Quota used so far: 609
----
3/29/2026, 10:48:04 AM → cantonese: upcoming
3/29/2026, 10:48:04 AM → english: upcoming
3/29/2026, 10:48:04 AM → joint: upcoming
Quota used so far: 612
----
3/29/2026, 10:50:04 AM → cantonese: upcoming
3/29/2026, 10:50:04 AM → english: upcoming
3/29/2026, 10:50:04 AM → joint: upcoming
Quota used so far: 615
----
3/29/2026, 10:52:04 AM → cantonese: upcoming
3/29/2026, 10:52:04 AM → english: upcoming
3/29/2026, 10:52:04 AM → joint: upcoming
Quota used so far: 618
----
3/29/2026, 10:54:04 AM → cantonese: upcoming
3/29/2026, 10:54:04 AM → english: upcoming
3/29/2026, 10:54:04 AM → joint: upcoming
Quota used so far: 621
----
3/29/2026, 10:56:04 AM → cantonese: upcoming
3/29/2026, 10:56:04 AM → english: upcoming
3/29/2026, 10:56:04 AM → joint: upcoming
Quota used so far: 624
----
3/29/2026, 10:58:04 AM → cantonese: upcoming
3/29/2026, 10:58:04 AM → english: upcoming
3/29/2026, 10:58:04 AM → joint: upcoming
Quota used so far: 627
----
3/29/2026, 11:00:04 AM → cantonese: upcoming
3/29/2026, 11:00:04 AM → english: upcoming
3/29/2026, 11:00:04 AM → joint: upcoming
Quota used so far: 630
----
3/29/2026, 11:02:04 AM → cantonese: upcoming
3/29/2026, 11:02:04 AM → english: upcoming
3/29/2026, 11:02:04 AM → joint: upcoming
Quota used so far: 633
----
3/29/2026, 11:04:04 AM → cantonese: upcoming
3/29/2026, 11:04:04 AM → english: upcoming
3/29/2026, 11:04:04 AM → joint: upcoming
Quota used so far: 636
----
3/29/2026, 11:06:04 AM → cantonese: upcoming
3/29/2026, 11:06:04 AM → english: upcoming
3/29/2026, 11:06:04 AM → joint: upcoming
Quota used so far: 639
----
3/29/2026, 11:08:04 AM → cantonese: upcoming
3/29/2026, 11:08:04 AM → english: upcoming
3/29/2026, 11:08:04 AM → joint: upcoming
Quota used so far: 642
----
3/29/2026, 11:10:04 AM → cantonese: live | 👀 9
3/29/2026, 11:10:04 AM → english: upcoming
3/29/2026, 11:10:04 AM → joint: upcoming
Quota used so far: 645
----
3/29/2026, 11:12:04 AM → cantonese: live | 👀 12
3/29/2026, 11:12:04 AM → english: upcoming
3/29/2026, 11:12:04 AM → joint: upcoming
Quota used so far: 648
----
3/29/2026, 11:14:04 AM → cantonese: live | 👀 14
3/29/2026, 11:14:04 AM → english: upcoming
3/29/2026, 11:14:04 AM → joint: upcoming
Quota used so far: 651
----
3/29/2026, 11:16:04 AM → cantonese: live | 👀 13
3/29/2026, 11:16:04 AM → english: upcoming
3/29/2026, 11:16:04 AM → joint: upcoming
Quota used so far: 654
----
3/29/2026, 11:18:04 AM → cantonese: live | 👀 15
3/29/2026, 11:18:04 AM → english: upcoming
3/29/2026, 11:18:04 AM → joint: upcoming
Quota used so far: 657
----
3/29/2026, 11:20:04 AM → cantonese: live | 👀 15
3/29/2026, 11:20:04 AM → english: upcoming
3/29/2026, 11:20:04 AM → joint: upcoming
Quota used so far: 660
----
3/29/2026, 11:22:04 AM → cantonese: live | 👀 15
3/29/2026, 11:22:04 AM → english: upcoming
3/29/2026, 11:22:04 AM → joint: upcoming
Quota used so far: 663
----
3/29/2026, 11:24:04 AM → cantonese: live | 👀 15
3/29/2026, 11:24:04 AM → english: upcoming
3/29/2026, 11:24:04 AM → joint: upcoming
Quota used so far: 666
----
3/29/2026, 11:26:04 AM → cantonese: live | 👀 15
3/29/2026, 11:26:04 AM → english: upcoming
3/29/2026, 11:26:04 AM → joint: upcoming
Quota used so far: 669
----
3/29/2026, 11:28:04 AM → cantonese: live | 👀 16
3/29/2026, 11:28:04 AM → english: upcoming
3/29/2026, 11:28:04 AM → joint: upcoming
Quota used so far: 672
----
3/29/2026, 11:30:04 AM → cantonese: live | 👀 17
3/29/2026, 11:30:04 AM → english: upcoming
3/29/2026, 11:30:04 AM → joint: upcoming
Quota used so far: 675
----
3/29/2026, 11:32:04 AM → cantonese: live | 👀 17
3/29/2026, 11:32:04 AM → english: upcoming
3/29/2026, 11:32:04 AM → joint: upcoming
Quota used so far: 678
----
3/29/2026, 11:34:04 AM → cantonese: live | 👀 16
3/29/2026, 11:34:04 AM → english: upcoming
3/29/2026, 11:34:04 AM → joint: upcoming
Quota used so far: 681
----
3/29/2026, 11:36:04 AM → cantonese: live | 👀 17
3/29/2026, 11:36:04 AM → english: upcoming
3/29/2026, 11:36:04 AM → joint: upcoming
Quota used so far: 684
----
3/29/2026, 11:38:04 AM → cantonese: live | 👀 18
3/29/2026, 11:38:04 AM → english: upcoming
3/29/2026, 11:38:04 AM → joint: upcoming
Quota used so far: 687
----
3/29/2026, 11:40:04 AM → cantonese: live | 👀 18
3/29/2026, 11:40:04 AM → english: upcoming
3/29/2026, 11:40:04 AM → joint: upcoming
Quota used so far: 690
----
3/29/2026, 11:42:04 AM → cantonese: live | 👀 18
3/29/2026, 11:42:04 AM → english: upcoming
3/29/2026, 11:42:04 AM → joint: upcoming
Quota used so far: 693
----
3/29/2026, 11:44:04 AM → cantonese: live | 👀 17
3/29/2026, 11:44:04 AM → english: upcoming
3/29/2026, 11:44:04 AM → joint: upcoming
Quota used so far: 696
----
3/29/2026, 11:46:04 AM → cantonese: live | 👀 18
3/29/2026, 11:46:04 AM → english: upcoming
3/29/2026, 11:46:04 AM → joint: upcoming
Quota used so far: 699
----
3/29/2026, 11:48:04 AM → cantonese: live | 👀 18
3/29/2026, 11:48:04 AM → english: upcoming
3/29/2026, 11:48:04 AM → joint: upcoming
Quota used so far: 702
----
3/29/2026, 11:50:04 AM → cantonese: live | 👀 18
3/29/2026, 11:50:04 AM → english: upcoming
3/29/2026, 11:50:04 AM → joint: upcoming
Quota used so far: 705
----
3/29/2026, 11:52:04 AM → cantonese: live | 👀 18
3/29/2026, 11:52:04 AM → english: upcoming
3/29/2026, 11:52:04 AM → joint: upcoming
Quota used so far: 708
----
3/29/2026, 11:54:04 AM → cantonese: live | 👀 18
3/29/2026, 11:54:04 AM → english: upcoming
3/29/2026, 11:54:04 AM → joint: upcoming
Quota used so far: 711
----
3/29/2026, 11:56:04 AM → cantonese: live | 👀 18
3/29/2026, 11:56:04 AM → english: upcoming
3/29/2026, 11:56:04 AM → joint: upcoming
Quota used so far: 714
----
3/29/2026, 11:58:04 AM → cantonese: live | 👀 19
3/29/2026, 11:58:04 AM → english: upcoming
3/29/2026, 11:58:04 AM → joint: upcoming
Quota used so far: 717
----
3/29/2026, 12:00:04 PM → cantonese: live | 👀 19
3/29/2026, 12:00:04 PM → english: upcoming
3/29/2026, 12:00:04 PM → joint: upcoming
Quota used so far: 720
----
3/29/2026, 12:02:04 PM → cantonese: live | 👀 18
3/29/2026, 12:02:04 PM → english: upcoming
3/29/2026, 12:02:04 PM → joint: upcoming
Quota used so far: 723
----
3/29/2026, 12:04:04 PM → cantonese: live | 👀 19
3/29/2026, 12:04:04 PM → english: upcoming
3/29/2026, 12:04:04 PM → joint: upcoming
Quota used so far: 726
----
3/29/2026, 12:06:04 PM → cantonese: live | 👀 19
3/29/2026, 12:06:04 PM → english: upcoming
3/29/2026, 12:06:04 PM → joint: upcoming
Quota used so far: 729
----
3/29/2026, 12:08:04 PM → cantonese: live | 👀 17
3/29/2026, 12:08:04 PM → english: upcoming
3/29/2026, 12:08:04 PM → joint: upcoming
Quota used so far: 732
----
3/29/2026, 12:10:04 PM → cantonese: live | 👀 18
3/29/2026, 12:10:04 PM → english: upcoming
3/29/2026, 12:10:04 PM → joint: upcoming
Quota used so far: 735
----
3/29/2026, 12:12:04 PM → cantonese: live | 👀 17
3/29/2026, 12:12:04 PM → english: upcoming
3/29/2026, 12:12:04 PM → joint: upcoming
Quota used so far: 738
----
3/29/2026, 12:14:04 PM → cantonese: live | 👀 17
3/29/2026, 12:14:04 PM → english: upcoming
3/29/2026, 12:14:04 PM → joint: upcoming
Quota used so far: 741
----
3/29/2026, 12:16:04 PM → cantonese: live | 👀 16
3/29/2026, 12:16:04 PM → english: upcoming
3/29/2026, 12:16:04 PM → joint: upcoming
Quota used so far: 744
----
3/29/2026, 12:18:04 PM → cantonese: live | 👀 15
3/29/2026, 12:18:04 PM → english: upcoming
3/29/2026, 12:18:04 PM → joint: upcoming
Quota used so far: 747
----
🛑 cantonese stream just ended.
3/29/2026, 12:20:04 PM → cantonese: none
3/29/2026, 12:20:04 PM → english: upcoming
3/29/2026, 12:20:04 PM → joint: upcoming
Quota used so far: 750
----
3/29/2026, 12:22:04 PM → english: upcoming
3/29/2026, 12:22:04 PM → joint: upcoming
Quota used so far: 752
----
4/5/2026, 9:00:05 AM → cantonese: none
4/5/2026, 9:00:05 AM → english: none
4/5/2026, 9:00:06 AM → mandarin: none
📦 Joint cache: [ 'irtnRVj8usE', 'OtxGmwHVvPA' ]
4/5/2026, 9:00:07 AM → joint: upcoming
🔒 Locked joint → irtnRVj8usE
Quota used so far: 806
----
4/5/2026, 9:02:05 AM → cantonese: none
4/5/2026, 9:02:05 AM → english: none
4/5/2026, 9:02:06 AM → mandarin: none
📦 Joint cache: [ 'irtnRVj8usE', 'OtxGmwHVvPA' ]
4/5/2026, 9:02:07 AM → joint: upcoming
Quota used so far: 1612
----
4/5/2026, 9:04:04 AM → cantonese: none
4/5/2026, 9:04:05 AM → english: none
4/5/2026, 9:04:06 AM → mandarin: none
📦 Joint cache: [ 'irtnRVj8usE', 'OtxGmwHVvPA' ]
4/5/2026, 9:04:06 AM → joint: upcoming
Quota used so far: 2418
----
4/5/2026, 9:06:05 AM → cantonese: none
4/5/2026, 9:06:05 AM → english: none
4/5/2026, 9:06:06 AM → mandarin: none
📦 Joint cache: [ 'irtnRVj8usE', 'OtxGmwHVvPA' ]
4/5/2026, 9:06:07 AM → joint: upcoming
Quota used so far: 3224
----
4/5/2026, 9:08:05 AM → cantonese: none
4/5/2026, 9:08:05 AM → english: none
4/5/2026, 9:08:06 AM → mandarin: none
📦 Joint cache: [ 'irtnRVj8usE', 'OtxGmwHVvPA' ]
4/5/2026, 9:08:07 AM → joint: upcoming
Quota used so far: 4030
----
4/5/2026, 9:10:05 AM → cantonese: none
4/5/2026, 9:10:05 AM → english: none
4/5/2026, 9:10:06 AM → mandarin: none
📦 Joint cache: [ 'irtnRVj8usE', 'OtxGmwHVvPA' ]
4/5/2026, 9:10:06 AM → joint: upcoming
Quota used so far: 4836
----
4/5/2026, 9:12:05 AM → cantonese: none
4/5/2026, 9:12:05 AM → english: none
4/5/2026, 9:12:06 AM → mandarin: none
📦 Joint cache: [ 'irtnRVj8usE', 'OtxGmwHVvPA' ]
🛑 Joint live detected. Disabling other streams.
4/5/2026, 9:12:07 AM → joint: live | 👀 7
Quota used so far: 5646
----
📦 Joint cache: [ 'irtnRVj8usE', 'OtxGmwHVvPA' ]
🛑 Joint live detected. Disabling other streams.
4/5/2026, 9:14:05 AM → joint: live | 👀 7
Quota used so far: 5849
----
📦 Joint cache: [ 'irtnRVj8usE', 'OtxGmwHVvPA' ]
🛑 Joint live detected. Disabling other streams.
4/5/2026, 9:16:05 AM → joint: live | 👀 8
Quota used so far: 6053
----
📦 Joint cache: [ 'irtnRVj8usE', 'OtxGmwHVvPA' ]
🛑 Joint live detected. Disabling other streams.
4/5/2026, 9:18:05 AM → joint: live | 👀 14
Quota used so far: 6257
----
📦 Joint cache: [ 'irtnRVj8usE', 'OtxGmwHVvPA' ]
🛑 Joint live detected. Disabling other streams.
4/5/2026, 9:20:05 AM → joint: live | 👀 14
Quota used so far: 6461
----
📦 Joint cache: [ 'irtnRVj8usE', 'OtxGmwHVvPA' ]
🛑 Joint live detected. Disabling other streams.
4/5/2026, 9:22:05 AM → joint: live | 👀 16
Quota used so far: 6665
----
📦 Joint cache: [ 'irtnRVj8usE', 'OtxGmwHVvPA' ]
🛑 Joint live detected. Disabling other streams.
4/5/2026, 9:24:05 AM → joint: live | 👀 17
Quota used so far: 6869
----
📦 Joint cache: [ 'irtnRVj8usE', 'OtxGmwHVvPA' ]
🛑 Joint live detected. Disabling other streams.
4/5/2026, 9:26:05 AM → joint: live | 👀 16
Quota used so far: 7073
----
📦 Joint cache: [ 'irtnRVj8usE', 'OtxGmwHVvPA' ]
🛑 Joint live detected. Disabling other streams.
4/5/2026, 9:28:05 AM → joint: live | 👀 17
Quota used so far: 7277
----
📦 Joint cache: [ 'irtnRVj8usE', 'OtxGmwHVvPA' ]
🛑 Joint live detected. Disabling other streams.
4/5/2026, 9:30:05 AM → joint: live | 👀 18
Quota used so far: 7481
----
📦 Joint cache: [ 'irtnRVj8usE', 'OtxGmwHVvPA' ]
🛑 Joint live detected. Disabling other streams.
4/5/2026, 9:32:05 AM → joint: live | 👀 20
Quota used so far: 7685
----
📦 Joint cache: [ 'irtnRVj8usE', 'OtxGmwHVvPA' ]
🛑 Joint live detected. Disabling other streams.
4/5/2026, 9:34:05 AM → joint: live | 👀 21
Quota used so far: 7889
----
📦 Joint cache: [ 'irtnRVj8usE', 'OtxGmwHVvPA' ]
🛑 Joint live detected. Disabling other streams.
4/5/2026, 9:36:05 AM → joint: live | 👀 23
Quota used so far: 8093
----
📦 Joint cache: [ 'irtnRVj8usE', 'OtxGmwHVvPA' ]
🛑 Joint live detected. Disabling other streams.
4/5/2026, 9:38:05 AM → joint: live | 👀 25
Quota used so far: 8297
----
📦 Joint cache: [ 'irtnRVj8usE', 'OtxGmwHVvPA' ]
🛑 Joint live detected. Disabling other streams.
4/5/2026, 9:40:05 AM → joint: live | 👀 25
Quota used so far: 8501
----
📦 Joint cache: [ 'irtnRVj8usE', 'OtxGmwHVvPA' ]
🛑 Joint live detected. Disabling other streams.
4/5/2026, 9:42:05 AM → joint: live | 👀 22
Quota used so far: 8705
----
📦 Joint cache: [ 'irtnRVj8usE', 'OtxGmwHVvPA' ]
🛑 Joint live detected. Disabling other streams.
4/5/2026, 9:44:05 AM → joint: live | 👀 21
Quota used so far: 8909
----
📦 Joint cache: [ 'irtnRVj8usE', 'OtxGmwHVvPA' ]
🛑 Joint live detected. Disabling other streams.
4/5/2026, 9:46:05 AM → joint: live | 👀 22
Quota used so far: 9113
----
📦 Joint cache: [ 'irtnRVj8usE', 'OtxGmwHVvPA' ]
🛑 Joint live detected. Disabling other streams.
4/5/2026, 9:48:05 AM → joint: live | 👀 21
Quota used so far: 9317
----
📦 Joint cache: [ 'irtnRVj8usE', 'OtxGmwHVvPA' ]
🛑 Joint live detected. Disabling other streams.
4/5/2026, 9:50:05 AM → joint: live | 👀 21
Quota used so far: 9521
----
📦 Joint cache: [ 'irtnRVj8usE', 'OtxGmwHVvPA' ]
🛑 Joint live detected. Disabling other streams.
4/5/2026, 9:52:05 AM → joint: live | 👀 22
Quota used so far: 9725
----
📦 Joint cache: [ 'irtnRVj8usE', 'OtxGmwHVvPA' ]
🛑 Joint live detected. Disabling other streams.
4/5/2026, 9:54:04 AM → joint: live | 👀 22
Quota used so far: 9827
----
📦 Joint cache: [ 'irtnRVj8usE', 'OtxGmwHVvPA' ]
🛑 Joint live detected. Disabling other streams.
4/5/2026, 9:56:05 AM → joint: live | 👀 23
Quota used so far: 9929
----
📦 Joint cache: [ 'irtnRVj8usE', 'OtxGmwHVvPA' ]
🛑 Joint live detected. Disabling other streams.
4/5/2026, 9:58:05 AM → joint: live | 👀 20
Quota used so far: 10031
----
📦 Joint cache: [ 'irtnRVj8usE', 'OtxGmwHVvPA' ]
🛑 Joint live detected. Disabling other streams.
4/5/2026, 10:00:04 AM → joint: live | 👀 19
Quota used so far: 10133
----
📦 Joint cache: [ 'irtnRVj8usE', 'OtxGmwHVvPA' ]
🛑 Joint live detected. Disabling other streams.
4/5/2026, 10:02:04 AM → joint: live | 👀 21
Quota used so far: 10235
----
📦 Joint cache: [ 'irtnRVj8usE', 'OtxGmwHVvPA' ]
🛑 Joint live detected. Disabling other streams.
4/5/2026, 10:04:04 AM → joint: live | 👀 26
Quota used so far: 10337
----
📦 Joint cache: [ 'irtnRVj8usE', 'OtxGmwHVvPA' ]
🛑 Joint live detected. Disabling other streams.
4/5/2026, 10:06:04 AM → joint: live | 👀 24
Quota used so far: 10439
----
📦 Joint cache: [ 'irtnRVj8usE', 'OtxGmwHVvPA' ]
🛑 Joint live detected. Disabling other streams.
4/5/2026, 10:08:05 AM → joint: live | 👀 24
Quota used so far: 10541
----
📦 Joint cache: [ 'irtnRVj8usE', 'OtxGmwHVvPA' ]
🛑 Joint live detected. Disabling other streams.
4/5/2026, 10:10:05 AM → joint: live | 👀 23
Quota used so far: 10643
----
📦 Joint cache: [ 'irtnRVj8usE', 'OtxGmwHVvPA' ]
🛑 Joint live detected. Disabling other streams.
4/5/2026, 10:12:05 AM → joint: live | 👀 22
Quota used so far: 10745
----
📦 Joint cache: [ 'irtnRVj8usE', 'OtxGmwHVvPA' ]
🛑 Joint live detected. Disabling other streams.
4/5/2026, 10:14:05 AM → joint: live | 👀 22
Quota used so far: 10847
----
📦 Joint cache: [ 'irtnRVj8usE', 'OtxGmwHVvPA' ]
🛑 Joint live detected. Disabling other streams.
4/5/2026, 10:16:05 AM → joint: live | 👀 23
Quota used so far: 10949
----
📦 Joint cache: [ 'irtnRVj8usE', 'OtxGmwHVvPA' ]
🛑 Joint live detected. Disabling other streams.
4/5/2026, 10:18:05 AM → joint: live | 👀 21
Quota used so far: 11051
----
📦 Joint cache: [ 'irtnRVj8usE', 'OtxGmwHVvPA' ]
4/5/2026, 10:20:05 AM → joint: upcoming
Quota used so far: 11153
----
📦 Joint cache: [ 'irtnRVj8usE', 'OtxGmwHVvPA' ]
🛑 Joint live detected. Disabling other streams.
4/5/2026, 10:22:05 AM → joint: live | 👀 21
Quota used so far: 11255
----
📦 Joint cache: [ 'irtnRVj8usE', 'OtxGmwHVvPA' ]
🛑 Joint live detected. Disabling other streams.
4/5/2026, 10:24:05 AM → joint: live | 👀 19
Quota used so far: 11357
----
📦 Joint cache: [ 'irtnRVj8usE', 'OtxGmwHVvPA' ]
🛑 Joint live detected. Disabling other streams.
4/5/2026, 10:26:05 AM → joint: live | 👀 18
Quota used so far: 11459
----
📦 Joint cache: [ 'irtnRVj8usE', 'OtxGmwHVvPA' ]
🛑 Joint live detected. Disabling other streams.
4/5/2026, 10:28:05 AM → joint: live | 👀 20
Quota used so far: 11561
----
📦 Joint cache: [ 'irtnRVj8usE', 'OtxGmwHVvPA' ]
🛑 Joint live detected. Disabling other streams.
4/5/2026, 10:30:04 AM → joint: live | 👀 25
Quota used so far: 11663
----
📦 Joint cache: [ 'irtnRVj8usE', 'OtxGmwHVvPA' ]
4/5/2026, 10:32:05 AM → joint: upcoming
Quota used so far: 11765
----
📦 Joint cache: [ 'irtnRVj8usE', 'OtxGmwHVvPA' ]
4/5/2026, 10:34:05 AM → joint: upcoming
Quota used so far: 11867
----
📦 Joint cache: [ 'irtnRVj8usE', 'OtxGmwHVvPA' ]
4/5/2026, 10:36:05 AM → joint: upcoming
Quota used so far: 11969
----
📦 Joint cache: [ 'irtnRVj8usE', 'OtxGmwHVvPA' ]
🛑 Joint live detected. Disabling other streams.
4/5/2026, 10:38:05 AM → joint: live | 👀 2
Quota used so far: 12070
----
📦 Joint cache: [ 'irtnRVj8usE', 'OtxGmwHVvPA' ]
🛑 Joint live detected. Disabling other streams.
4/5/2026, 10:40:04 AM → joint: live | 👀 2
Quota used so far: 12171
----
📦 Joint cache: [ 'irtnRVj8usE', 'OtxGmwHVvPA' ]
🛑 Joint live detected. Disabling other streams.
4/5/2026, 10:42:04 AM → joint: live | 👀 2
Quota used so far: 12272
----
📦 Joint cache: [ 'irtnRVj8usE', 'OtxGmwHVvPA' ]
🛑 Joint live detected. Disabling other streams.
4/5/2026, 10:44:04 AM → joint: live | 👀 1
Quota used so far: 12373
----
📦 Joint cache: [ 'irtnRVj8usE', 'OtxGmwHVvPA' ]
🛑 Joint live detected. Disabling other streams.
4/5/2026, 10:46:04 AM → joint: live | 👀 2
Quota used so far: 12474
----
📦 Joint cache: [ 'irtnRVj8usE', 'OtxGmwHVvPA' ]
🛑 Joint live detected. Disabling other streams.
4/5/2026, 10:48:04 AM → joint: live | 👀 1
Quota used so far: 12575
----
📦 Joint cache: [ 'irtnRVj8usE', 'OtxGmwHVvPA' ]
🛑 Joint live detected. Disabling other streams.
4/5/2026, 10:50:04 AM → joint: live | 👀 1
Quota used so far: 12676
----
📦 Joint cache: [ 'irtnRVj8usE', 'OtxGmwHVvPA' ]
🛑 Joint live detected. Disabling other streams.
4/5/2026, 10:52:04 AM → joint: live | 👀 1
Quota used so far: 12777
----
📦 Joint cache: [ 'irtnRVj8usE', 'OtxGmwHVvPA' ]
🛑 Joint live detected. Disabling other streams.
4/5/2026, 10:54:04 AM → joint: live | 👀 2
Quota used so far: 12878
----
📦 Joint cache: [ 'irtnRVj8usE', 'OtxGmwHVvPA' ]
🛑 Joint live detected. Disabling other streams.
4/5/2026, 10:56:04 AM → joint: live | 👀 5
Quota used so far: 12979
----
📦 Joint cache: [ 'irtnRVj8usE', 'OtxGmwHVvPA' ]
🛑 Joint live detected. Disabling other streams.
4/5/2026, 10:58:04 AM → joint: live | 👀 6
Quota used so far: 13080
----
📦 Joint cache: [ 'irtnRVj8usE', 'OtxGmwHVvPA' ]
🛑 Joint live detected. Disabling other streams.
4/5/2026, 11:00:04 AM → joint: live | 👀 8
Quota used so far: 13181
----
📦 Joint cache: [ 'irtnRVj8usE', 'OtxGmwHVvPA' ]
🛑 Joint live detected. Disabling other streams.
4/5/2026, 11:02:04 AM → joint: live | 👀 10
Quota used so far: 13282
----
📦 Joint cache: [ 'irtnRVj8usE', 'OtxGmwHVvPA' ]
🛑 Joint live detected. Disabling other streams.
4/5/2026, 11:04:04 AM → joint: live | 👀 11
Quota used so far: 13383
----
📦 Joint cache: [ 'irtnRVj8usE', 'OtxGmwHVvPA' ]
🛑 Joint live detected. Disabling other streams.
4/5/2026, 11:06:04 AM → joint: live | 👀 12
Quota used so far: 13484
----
📦 Joint cache: [ 'irtnRVj8usE', 'OtxGmwHVvPA' ]
🛑 Joint live detected. Disabling other streams.
4/5/2026, 11:08:04 AM → joint: live | 👀 12
Quota used so far: 13585
----
📦 Joint cache: [ 'irtnRVj8usE', 'OtxGmwHVvPA' ]
4/5/2026, 11:10:05 AM → joint: none
Quota used so far: 13687
----
📦 Joint cache: [ 'irtnRVj8usE', 'OtxGmwHVvPA' ]
🛑 Joint live detected. Disabling other streams.
4/5/2026, 11:12:04 AM → joint: live | 👀 13
Quota used so far: 13788
----
📦 Joint cache: [ 'irtnRVj8usE', 'OtxGmwHVvPA' ]
🛑 Joint live detected. Disabling other streams.
4/5/2026, 11:14:05 AM → joint: live | 👀 14
Quota used so far: 13889
----
📦 Joint cache: [ 'irtnRVj8usE', 'OtxGmwHVvPA' ]
🛑 Joint live detected. Disabling other streams.
4/5/2026, 11:16:05 AM → joint: live | 👀 13
Quota used so far: 13990
----
📦 Joint cache: [ 'irtnRVj8usE', 'OtxGmwHVvPA' ]
🛑 Joint live detected. Disabling other streams.
4/5/2026, 11:18:04 AM → joint: live | 👀 12
Quota used so far: 14091
----
📦 Joint cache: [ 'irtnRVj8usE', 'OtxGmwHVvPA' ]
🛑 Joint live detected. Disabling other streams.
4/5/2026, 11:20:04 AM → joint: live | 👀 14
Quota used so far: 14192
----
📦 Joint cache: [ 'irtnRVj8usE', 'OtxGmwHVvPA' ]
🛑 Joint live detected. Disabling other streams.
4/5/2026, 11:22:04 AM → joint: live | 👀 16
Quota used so far: 14293
----
📦 Joint cache: [ 'irtnRVj8usE', 'OtxGmwHVvPA' ]
4/5/2026, 11:24:05 AM → joint: none
Quota used so far: 14395
----
📦 Joint cache: [ 'irtnRVj8usE', 'OtxGmwHVvPA' ]
🛑 Joint live detected. Disabling other streams.
4/5/2026, 11:26:04 AM → joint: live | 👀 17
Quota used so far: 14496
----
📦 Joint cache: [ 'irtnRVj8usE', 'OtxGmwHVvPA' ]
🛑 Joint live detected. Disabling other streams.
4/5/2026, 11:28:04 AM → joint: live | 👀 16
Quota used so far: 14597
----
📦 Joint cache: [ 'irtnRVj8usE', 'OtxGmwHVvPA' ]
4/5/2026, 11:30:05 AM → joint: none
Quota used so far: 14699
----
📦 Joint cache: [ 'irtnRVj8usE', 'OtxGmwHVvPA' ]
🛑 Joint live detected. Disabling other streams.
4/5/2026, 11:32:05 AM → joint: live | 👀 19
Quota used so far: 14800
----
📦 Joint cache: [ 'irtnRVj8usE', 'OtxGmwHVvPA' ]
4/5/2026, 11:34:05 AM → joint: none
Quota used so far: 14902
----
📦 Joint cache: [ 'irtnRVj8usE', 'OtxGmwHVvPA' ]
🛑 Joint live detected. Disabling other streams.
4/5/2026, 11:36:04 AM → joint: live | 👀 18
Quota used so far: 15003
----
📦 Joint cache: [ 'irtnRVj8usE', 'OtxGmwHVvPA' ]
🛑 Joint live detected. Disabling other streams.
4/5/2026, 11:38:04 AM → joint: live | 👀 19
Quota used so far: 15104
----
📦 Joint cache: [ 'irtnRVj8usE', 'OtxGmwHVvPA' ]
🛑 Joint live detected. Disabling other streams.
4/5/2026, 11:40:05 AM → joint: live | 👀 19
Quota used so far: 15205
----
📦 Joint cache: [ 'irtnRVj8usE', 'OtxGmwHVvPA' ]
4/5/2026, 11:42:05 AM → joint: none
Quota used so far: 15307
----
📦 Joint cache: [ 'irtnRVj8usE', 'OtxGmwHVvPA' ]
4/5/2026, 11:44:05 AM → joint: none
Quota used so far: 15409
----
📦 Joint cache: [ 'irtnRVj8usE', 'OtxGmwHVvPA' ]
🛑 Joint live detected. Disabling other streams.
4/5/2026, 11:46:04 AM → joint: live | 👀 19
Quota used so far: 15510
----
📦 Joint cache: [ 'irtnRVj8usE', 'OtxGmwHVvPA' ]
🛑 Joint live detected. Disabling other streams.
4/5/2026, 11:48:04 AM → joint: live | 👀 18
Quota used so far: 15611
----
📦 Joint cache: [ 'irtnRVj8usE', 'OtxGmwHVvPA' ]
4/5/2026, 11:50:05 AM → joint: none
Quota used so far: 15713
----
📦 Joint cache: [ 'irtnRVj8usE', 'OtxGmwHVvPA' ]
4/5/2026, 11:52:05 AM → joint: none
Quota used so far: 15815
----
📦 Joint cache: [ 'irtnRVj8usE', 'OtxGmwHVvPA' ]
🛑 Joint live detected. Disabling other streams.
4/5/2026, 11:54:04 AM → joint: live | 👀 18
Quota used so far: 15916
----
📦 Joint cache: [ 'irtnRVj8usE', 'OtxGmwHVvPA' ]
4/5/2026, 11:56:05 AM → joint: none
Quota used so far: 16018
----
📦 Joint cache: [ 'irtnRVj8usE', 'OtxGmwHVvPA' ]
4/5/2026, 11:58:05 AM → joint: none
Quota used so far: 16120
----
📦 Joint cache: [ 'irtnRVj8usE', 'OtxGmwHVvPA' ]
🛑 Joint live detected. Disabling other streams.
4/5/2026, 12:00:04 PM → joint: live | 👀 17
Quota used so far: 16221
----
📦 Joint cache: [ 'irtnRVj8usE', 'OtxGmwHVvPA' ]
🛑 Joint live detected. Disabling other streams.
4/5/2026, 12:02:04 PM → joint: live | 👀 17
Quota used so far: 16322
----
📦 Joint cache: [ 'irtnRVj8usE', 'OtxGmwHVvPA' ]
🛑 Joint live detected. Disabling other streams.
4/5/2026, 12:04:05 PM → joint: live | 👀 18
Quota used so far: 16423
----
📦 Joint cache: [ 'irtnRVj8usE', 'OtxGmwHVvPA' ]
🛑 Joint live detected. Disabling other streams.
4/5/2026, 12:06:04 PM → joint: live | 👀 18
Quota used so far: 16524
----
📦 Joint cache: [ 'irtnRVj8usE', 'OtxGmwHVvPA' ]
🛑 Joint live detected. Disabling other streams.
4/5/2026, 12:08:05 PM → joint: live | 👀 19
Quota used so far: 16625
----
📦 Joint cache: [ 'irtnRVj8usE', 'OtxGmwHVvPA' ]
4/5/2026, 12:10:05 PM → joint: none
Quota used so far: 16727
----
📦 Joint cache: [ 'irtnRVj8usE', 'OtxGmwHVvPA' ]
🛑 Joint live detected. Disabling other streams.
4/5/2026, 12:12:05 PM → joint: live | 👀 14
Quota used so far: 16828
----
📦 Joint cache: [ 'irtnRVj8usE', 'OtxGmwHVvPA' ]
🛑 Joint live detected. Disabling other streams.
4/5/2026, 12:14:05 PM → joint: live | 👀 16
Quota used so far: 16929
----
📦 Joint cache: [ 'irtnRVj8usE', 'OtxGmwHVvPA' ]
4/5/2026, 12:16:05 PM → joint: none
Quota used so far: 17031
----
📦 Joint cache: [ 'irtnRVj8usE', 'OtxGmwHVvPA' ]
🛑 Joint live detected. Disabling other streams.
4/5/2026, 12:18:05 PM → joint: live | 👀 15
Quota used so far: 17132
----
📦 Joint cache: [ 'irtnRVj8usE', 'OtxGmwHVvPA' ]
🛑 Joint live detected. Disabling other streams.
4/5/2026, 12:20:05 PM → joint: live | 👀 15
Quota used so far: 17233
----
📦 Joint cache: [ 'irtnRVj8usE', 'OtxGmwHVvPA' ]
🛑 Joint live detected. Disabling other streams.
4/5/2026, 12:22:05 PM → joint: live | 👀 15
Quota used so far: 17334
----
📦 Joint cache: [ 'irtnRVj8usE', 'OtxGmwHVvPA' ]
🛑 Joint live detected. Disabling other streams.
4/5/2026, 12:24:05 PM → joint: live | 👀 15
Quota used so far: 17435
----
📦 Joint cache: [ 'irtnRVj8usE', 'OtxGmwHVvPA' ]
🛑 Joint live detected. Disabling other streams.
4/5/2026, 12:26:05 PM → joint: live | 👀 15
Quota used so far: 17536
----
📦 Joint cache: [ 'irtnRVj8usE', 'OtxGmwHVvPA' ]
4/5/2026, 12:28:05 PM → joint: none
Quota used so far: 17638
----
📦 Joint cache: [ 'irtnRVj8usE', 'OtxGmwHVvPA' ]
4/5/2026, 12:30:05 PM → joint: none
Quota used so far: 17740
----
4/12/2026, 9:00:05 AM → cantonese: upcoming | 🎥 ywp8L3SIEig
🔒 Locked cantonese → ywp8L3SIEig
4/12/2026, 9:00:06 AM → english: upcoming | 🎥 _the6_uubL8
🔒 Locked english → _the6_uubL8
4/12/2026, 9:00:06 AM → mandarin: upcoming | 🎥 OMQPSpCpQo4
🔒 Locked mandarin → OMQPSpCpQo4
📦 Joint cache: []
🛑 All joint streams finished.
4/12/2026, 9:00:07 AM → joint: none
Quota used so far: 507
----
4/12/2026, 9:02:05 AM → cantonese: upcoming | 🎥 ywp8L3SIEig
4/12/2026, 9:02:05 AM → english: upcoming | 🎥 _the6_uubL8
4/12/2026, 9:02:05 AM → mandarin: upcoming | 🎥 OMQPSpCpQo4
Quota used so far: 510
----
4/12/2026, 9:04:05 AM → cantonese: upcoming | 🎥 ywp8L3SIEig
4/12/2026, 9:04:05 AM → english: upcoming | 🎥 _the6_uubL8
🛑 mandarin stream just ended.
4/12/2026, 9:04:05 AM → mandarin: none
Quota used so far: 513
----
4/12/2026, 9:06:05 AM → cantonese: upcoming | 🎥 ywp8L3SIEig
4/12/2026, 9:06:05 AM → english: upcoming | 🎥 _the6_uubL8
Quota used so far: 515
----
4/12/2026, 9:08:05 AM → cantonese: upcoming | 🎥 ywp8L3SIEig
4/12/2026, 9:08:05 AM → english: upcoming | 🎥 _the6_uubL8
Quota used so far: 517
----
4/12/2026, 9:10:05 AM → cantonese: upcoming | 🎥 ywp8L3SIEig
4/12/2026, 9:10:05 AM → english: live | 👀 4 | 🎥 _the6_uubL8
Quota used so far: 519
----
4/12/2026, 9:12:05 AM → cantonese: upcoming | 🎥 ywp8L3SIEig
4/12/2026, 9:12:05 AM → english: live | 👀 4 | 🎥 _the6_uubL8
Quota used so far: 521
----
4/12/2026, 9:14:05 AM → cantonese: upcoming | 🎥 ywp8L3SIEig
4/12/2026, 9:14:05 AM → english: live | 👀 6 | 🎥 _the6_uubL8
Quota used so far: 523
----
4/12/2026, 9:16:05 AM → cantonese: upcoming | 🎥 ywp8L3SIEig
4/12/2026, 9:16:05 AM → english: live | 👀 11 | 🎥 _the6_uubL8
Quota used so far: 525
----
4/12/2026, 9:18:05 AM → cantonese: upcoming | 🎥 ywp8L3SIEig
4/12/2026, 9:18:05 AM → english: live | 👀 15 | 🎥 _the6_uubL8
Quota used so far: 527
----
4/12/2026, 9:20:05 AM → cantonese: upcoming | 🎥 ywp8L3SIEig
4/12/2026, 9:20:05 AM → english: live | 👀 15 | 🎥 _the6_uubL8
Quota used so far: 529
----
4/12/2026, 9:22:05 AM → cantonese: upcoming | 🎥 ywp8L3SIEig
4/12/2026, 9:22:05 AM → english: live | 👀 14 | 🎥 _the6_uubL8
Quota used so far: 531
----
4/12/2026, 9:24:05 AM → cantonese: upcoming | 🎥 ywp8L3SIEig
4/12/2026, 9:24:05 AM → english: live | 👀 14 | 🎥 _the6_uubL8
Quota used so far: 533
----
4/12/2026, 9:26:05 AM → cantonese: upcoming | 🎥 ywp8L3SIEig
4/12/2026, 9:26:05 AM → english: live | 👀 16 | 🎥 _the6_uubL8
Quota used so far: 535
----
4/12/2026, 9:28:05 AM → cantonese: upcoming | 🎥 ywp8L3SIEig
4/12/2026, 9:28:05 AM → english: live | 👀 16 | 🎥 _the6_uubL8
Quota used so far: 537
----
4/12/2026, 9:30:05 AM → cantonese: upcoming | 🎥 ywp8L3SIEig
4/12/2026, 9:30:05 AM → english: live | 👀 16 | 🎥 _the6_uubL8
Quota used so far: 539
----
4/12/2026, 9:32:05 AM → cantonese: upcoming | 🎥 ywp8L3SIEig
4/12/2026, 9:32:05 AM → english: live | 👀 15 | 🎥 _the6_uubL8
Quota used so far: 541
----
4/12/2026, 9:34:05 AM → cantonese: upcoming | 🎥 ywp8L3SIEig
4/12/2026, 9:34:05 AM → english: live | 👀 17 | 🎥 _the6_uubL8
Quota used so far: 543
----
4/12/2026, 9:36:05 AM → cantonese: upcoming | 🎥 ywp8L3SIEig
4/12/2026, 9:36:05 AM → english: live | 👀 15 | 🎥 _the6_uubL8
Quota used so far: 545
----
4/12/2026, 9:38:05 AM → cantonese: upcoming | 🎥 ywp8L3SIEig
4/12/2026, 9:38:05 AM → english: live | 👀 19 | 🎥 _the6_uubL8
Quota used so far: 547
----
4/12/2026, 9:40:05 AM → cantonese: upcoming | 🎥 ywp8L3SIEig
4/12/2026, 9:40:05 AM → english: live | 👀 19 | 🎥 _the6_uubL8
Quota used so far: 549
----
4/12/2026, 9:42:05 AM → cantonese: upcoming | 🎥 ywp8L3SIEig
4/12/2026, 9:42:05 AM → english: live | 👀 19 | 🎥 _the6_uubL8
Quota used so far: 551
----
4/12/2026, 9:44:05 AM → cantonese: upcoming | 🎥 ywp8L3SIEig
4/12/2026, 9:44:05 AM → english: live | 👀 19 | 🎥 _the6_uubL8
Quota used so far: 553
----
4/12/2026, 9:46:05 AM → cantonese: upcoming | 🎥 ywp8L3SIEig
4/12/2026, 9:46:05 AM → english: live | 👀 20 | 🎥 _the6_uubL8
Quota used so far: 555
----
4/12/2026, 9:48:05 AM → cantonese: upcoming | 🎥 ywp8L3SIEig
4/12/2026, 9:48:05 AM → english: live | 👀 20 | 🎥 _the6_uubL8
Quota used so far: 557
----
4/12/2026, 9:50:05 AM → cantonese: upcoming | 🎥 ywp8L3SIEig
4/12/2026, 9:50:05 AM → english: live | 👀 20 | 🎥 _the6_uubL8
Quota used so far: 559
----
4/12/2026, 9:52:05 AM → cantonese: upcoming | 🎥 ywp8L3SIEig
4/12/2026, 9:52:05 AM → english: live | 👀 20 | 🎥 _the6_uubL8
Quota used so far: 561
----
4/12/2026, 9:54:05 AM → cantonese: upcoming | 🎥 ywp8L3SIEig
4/12/2026, 9:54:05 AM → english: live | 👀 19 | 🎥 _the6_uubL8
Quota used so far: 563
----
4/12/2026, 9:56:05 AM → cantonese: upcoming | 🎥 ywp8L3SIEig
4/12/2026, 9:56:05 AM → english: live | 👀 19 | 🎥 _the6_uubL8
Quota used so far: 565
----
4/12/2026, 9:58:05 AM → cantonese: upcoming | 🎥 ywp8L3SIEig
4/12/2026, 9:58:05 AM → english: live | 👀 20 | 🎥 _the6_uubL8
Quota used so far: 567
----
4/12/2026, 10:00:05 AM → cantonese: upcoming | 🎥 ywp8L3SIEig
4/12/2026, 10:00:05 AM → english: live | 👀 20 | 🎥 _the6_uubL8
Quota used so far: 569
----
4/12/2026, 10:02:05 AM → cantonese: upcoming | 🎥 ywp8L3SIEig
4/12/2026, 10:02:05 AM → english: live | 👀 20 | 🎥 _the6_uubL8
Quota used so far: 571
----
4/12/2026, 10:04:05 AM → cantonese: upcoming | 🎥 ywp8L3SIEig
4/12/2026, 10:04:05 AM → english: live | 👀 21 | 🎥 _the6_uubL8
Quota used so far: 573
----
4/12/2026, 10:06:05 AM → cantonese: upcoming | 🎥 ywp8L3SIEig
4/12/2026, 10:06:05 AM → english: live | 👀 21 | 🎥 _the6_uubL8
Quota used so far: 575
----
4/12/2026, 10:08:05 AM → cantonese: upcoming | 🎥 ywp8L3SIEig
4/12/2026, 10:08:05 AM → english: live | 👀 19 | 🎥 _the6_uubL8
Quota used so far: 577
----
4/12/2026, 10:10:05 AM → cantonese: upcoming | 🎥 ywp8L3SIEig
4/12/2026, 10:10:05 AM → english: live | 👀 20 | 🎥 _the6_uubL8
Quota used so far: 579
----
4/12/2026, 10:12:05 AM → cantonese: upcoming | 🎥 ywp8L3SIEig
4/12/2026, 10:12:05 AM → english: live | 👀 21 | 🎥 _the6_uubL8
Quota used so far: 581
----
4/12/2026, 10:14:05 AM → cantonese: upcoming | 🎥 ywp8L3SIEig
4/12/2026, 10:14:05 AM → english: live | 👀 20 | 🎥 _the6_uubL8
Quota used so far: 583
----
4/12/2026, 10:16:05 AM → cantonese: upcoming | 🎥 ywp8L3SIEig
4/12/2026, 10:16:05 AM → english: live | 👀 21 | 🎥 _the6_uubL8
Quota used so far: 585
----
4/12/2026, 10:18:05 AM → cantonese: upcoming | 🎥 ywp8L3SIEig
4/12/2026, 10:18:05 AM → english: live | 👀 20 | 🎥 _the6_uubL8
Quota used so far: 587
----
4/12/2026, 10:20:05 AM → cantonese: upcoming | 🎥 ywp8L3SIEig
4/12/2026, 10:20:05 AM → english: live | 👀 20 | 🎥 _the6_uubL8
Quota used so far: 589
----
4/12/2026, 10:22:05 AM → cantonese: upcoming | 🎥 ywp8L3SIEig
4/12/2026, 10:22:05 AM → english: live | 👀 19 | 🎥 _the6_uubL8
Quota used so far: 591
----
4/12/2026, 10:24:05 AM → cantonese: upcoming | 🎥 ywp8L3SIEig
4/12/2026, 10:24:05 AM → english: live | 👀 20 | 🎥 _the6_uubL8
Quota used so far: 593
----
4/12/2026, 10:26:05 AM → cantonese: upcoming | 🎥 ywp8L3SIEig
4/12/2026, 10:26:05 AM → english: live | 👀 21 | 🎥 _the6_uubL8
Quota used so far: 595
----
4/12/2026, 10:28:05 AM → cantonese: upcoming | 🎥 ywp8L3SIEig
4/12/2026, 10:28:05 AM → english: live | 👀 16 | 🎥 _the6_uubL8
Quota used so far: 597
----
4/12/2026, 10:30:05 AM → cantonese: upcoming | 🎥 ywp8L3SIEig
4/12/2026, 10:30:05 AM → english: live | 👀 15 | 🎥 _the6_uubL8
Quota used so far: 599
----
4/12/2026, 10:32:05 AM → cantonese: upcoming | 🎥 ywp8L3SIEig
4/12/2026, 10:32:05 AM → english: live | 👀 15 | 🎥 _the6_uubL8
Quota used so far: 601
----
4/12/2026, 10:34:05 AM → cantonese: upcoming | 🎥 ywp8L3SIEig
🛑 english stream just ended.
4/12/2026, 10:34:05 AM → english: none
Quota used so far: 603
----
4/12/2026, 10:36:05 AM → cantonese: upcoming | 🎥 ywp8L3SIEig
Quota used so far: 604
----
4/12/2026, 10:38:05 AM → cantonese: upcoming | 🎥 ywp8L3SIEig
Quota used so far: 605
----
4/12/2026, 10:40:05 AM → cantonese: upcoming | 🎥 ywp8L3SIEig
Quota used so far: 606
----
4/12/2026, 10:42:05 AM → cantonese: upcoming | 🎥 ywp8L3SIEig
Quota used so far: 607
----
4/12/2026, 10:44:05 AM → cantonese: upcoming | 🎥 ywp8L3SIEig
Quota used so far: 608
----
4/12/2026, 10:46:05 AM → cantonese: upcoming | 🎥 ywp8L3SIEig
Quota used so far: 609
----
4/12/2026, 10:48:05 AM → cantonese: upcoming | 🎥 ywp8L3SIEig
Quota used so far: 610
----
4/12/2026, 10:50:05 AM → cantonese: upcoming | 🎥 ywp8L3SIEig
Quota used so far: 611
----
4/12/2026, 10:52:05 AM → cantonese: upcoming | 🎥 ywp8L3SIEig
Quota used so far: 612
----
4/12/2026, 10:54:05 AM → cantonese: upcoming | 🎥 ywp8L3SIEig
Quota used so far: 613
----
4/12/2026, 10:56:05 AM → cantonese: upcoming | 🎥 ywp8L3SIEig
Quota used so far: 614
----
4/12/2026, 10:58:05 AM → cantonese: upcoming | 🎥 ywp8L3SIEig
Quota used so far: 615
----
4/12/2026, 11:00:05 AM → cantonese: live | 👀 6 | 🎥 ywp8L3SIEig
Quota used so far: 616
----
4/12/2026, 11:02:05 AM → cantonese: live | 👀 10 | 🎥 ywp8L3SIEig
Quota used so far: 617
----
4/12/2026, 11:04:05 AM → cantonese: live | 👀 10 | 🎥 ywp8L3SIEig
Quota used so far: 618
----
4/12/2026, 11:06:05 AM → cantonese: live | 👀 11 | 🎥 ywp8L3SIEig
Quota used so far: 619
----
4/12/2026, 11:08:05 AM → cantonese: live | 👀 11 | 🎥 ywp8L3SIEig
Quota used so far: 620
----
4/12/2026, 11:10:05 AM → cantonese: live | 👀 13 | 🎥 ywp8L3SIEig
Quota used so far: 621
----
4/12/2026, 11:12:05 AM → cantonese: live | 👀 13 | 🎥 ywp8L3SIEig
Quota used so far: 622
----
4/12/2026, 11:14:05 AM → cantonese: live | 👀 14 | 🎥 ywp8L3SIEig
Quota used so far: 623
----
4/12/2026, 11:16:05 AM → cantonese: live | 👀 15 | 🎥 ywp8L3SIEig
Quota used so far: 624
----
4/12/2026, 11:18:05 AM → cantonese: live | 👀 16 | 🎥 ywp8L3SIEig
Quota used so far: 625
----
4/12/2026, 11:20:05 AM → cantonese: live | 👀 15 | 🎥 ywp8L3SIEig
Quota used so far: 626
----
4/12/2026, 11:22:05 AM → cantonese: live | 👀 17 | 🎥 ywp8L3SIEig
Quota used so far: 627
----
4/12/2026, 11:24:05 AM → cantonese: live | 👀 16 | 🎥 ywp8L3SIEig
Quota used so far: 628
----
4/12/2026, 11:26:05 AM → cantonese: live | 👀 17 | 🎥 ywp8L3SIEig
Quota used so far: 629
----
4/12/2026, 11:28:05 AM → cantonese: live | 👀 16 | 🎥 ywp8L3SIEig
Quota used so far: 630
----
4/12/2026, 11:30:05 AM → cantonese: live | 👀 18 | 🎥 ywp8L3SIEig
Quota used so far: 631
----
4/12/2026, 11:32:05 AM → cantonese: live | 👀 17 | 🎥 ywp8L3SIEig
Quota used so far: 632
----
4/12/2026, 11:34:05 AM → cantonese: live | 👀 17 | 🎥 ywp8L3SIEig
Quota used so far: 633
----
4/12/2026, 11:36:05 AM → cantonese: live | 👀 18 | 🎥 ywp8L3SIEig
Quota used so far: 634
----
4/12/2026, 11:38:05 AM → cantonese: live | 👀 18 | 🎥 ywp8L3SIEig
Quota used so far: 635
----
4/12/2026, 11:40:05 AM → cantonese: live | 👀 18 | 🎥 ywp8L3SIEig
Quota used so far: 636
----
4/12/2026, 11:42:05 AM → cantonese: live | 👀 18 | 🎥 ywp8L3SIEig
Quota used so far: 637
----
4/12/2026, 11:44:05 AM → cantonese: live | 👀 18 | 🎥 ywp8L3SIEig
Quota used so far: 638
----
4/12/2026, 11:46:05 AM → cantonese: live | 👀 18 | 🎥 ywp8L3SIEig
Quota used so far: 639
----
4/12/2026, 11:48:05 AM → cantonese: live | 👀 17 | 🎥 ywp8L3SIEig
Quota used so far: 640
----
4/12/2026, 11:50:05 AM → cantonese: live | 👀 18 | 🎥 ywp8L3SIEig
Quota used so far: 641
----
4/12/2026, 11:52:05 AM → cantonese: live | 👀 18 | 🎥 ywp8L3SIEig
Quota used so far: 642
----
4/12/2026, 11:54:05 AM → cantonese: live | 👀 18 | 🎥 ywp8L3SIEig
Quota used so far: 643
----
4/12/2026, 11:56:05 AM → cantonese: live | 👀 18 | 🎥 ywp8L3SIEig
Quota used so far: 644
----
4/12/2026, 11:58:05 AM → cantonese: live | 👀 17 | 🎥 ywp8L3SIEig
Quota used so far: 645
----
4/12/2026, 12:00:05 PM → cantonese: live | 👀 15 | 🎥 ywp8L3SIEig
Quota used so far: 646
----
4/12/2026, 12:02:05 PM → cantonese: live | 👀 16 | 🎥 ywp8L3SIEig
Quota used so far: 647
----
4/12/2026, 12:04:05 PM → cantonese: live | 👀 15 | 🎥 ywp8L3SIEig
Quota used so far: 648
----
4/12/2026, 12:06:05 PM → cantonese: live | 👀 15 | 🎥 ywp8L3SIEig
Quota used so far: 649
----
4/12/2026, 12:08:05 PM → cantonese: live | 👀 16 | 🎥 ywp8L3SIEig
Quota used so far: 650
----
4/12/2026, 12:10:05 PM → cantonese: live | 👀 15 | 🎥 ywp8L3SIEig
Quota used so far: 651
----
4/12/2026, 12:12:05 PM → cantonese: live | 👀 10 | 🎥 ywp8L3SIEig
Quota used so far: 652
----
4/12/2026, 12:14:05 PM → cantonese: live | 👀 9 | 🎥 ywp8L3SIEig
Quota used so far: 653
----
4/12/2026, 12:16:05 PM → cantonese: live | 👀 8 | 🎥 ywp8L3SIEig
Quota used so far: 654
----
4/12/2026, 12:18:05 PM → cantonese: live | 👀 9 | 🎥 ywp8L3SIEig
Quota used so far: 655
----
🛑 cantonese stream just ended.
4/12/2026, 12:20:05 PM → cantonese: none
Quota used so far: 656
----
✅ All streams finished. Exiting bridge.
4/19/2026, 9:00:06 AM → cantonese: upcoming | 🎥 75ZExh5dylI
🔒 Locked cantonese → 75ZExh5dylI
4/19/2026, 9:00:07 AM → english: live | 👀 8 | 🎥 hZiEV5qtwU0
🔒 Locked english → hZiEV5qtwU0
4/19/2026, 9:00:07 AM → mandarin: live | 👀 1 | 🎥 0T4vn29EOrM
🔒 Locked mandarin → 0T4vn29EOrM
📦 Joint cache: []
🛑 All joint streams finished.
4/19/2026, 9:00:08 AM → joint: none
Quota used so far: 508
----
4/19/2026, 9:02:06 AM → cantonese: upcoming | 🎥 75ZExh5dylI
4/19/2026, 9:02:06 AM → english: live | 👀 10 | 🎥 hZiEV5qtwU0
4/19/2026, 9:02:06 AM → mandarin: live | 👀 1 | 🎥 0T4vn29EOrM
Quota used so far: 511
----
4/19/2026, 9:04:06 AM → cantonese: upcoming | 🎥 75ZExh5dylI
4/19/2026, 9:04:06 AM → english: live | 👀 10 | 🎥 hZiEV5qtwU0
4/19/2026, 9:04:06 AM → mandarin: live | 👀 1 | 🎥 0T4vn29EOrM
Quota used so far: 514
----
4/19/2026, 9:06:06 AM → cantonese: upcoming | 🎥 75ZExh5dylI
4/19/2026, 9:06:06 AM → english: live | 👀 12 | 🎥 hZiEV5qtwU0
4/19/2026, 9:06:06 AM → mandarin: live | 👀 1 | 🎥 0T4vn29EOrM
Quota used so far: 517
----
4/19/2026, 9:08:06 AM → cantonese: upcoming | 🎥 75ZExh5dylI
4/19/2026, 9:08:06 AM → english: live | 👀 12 | 🎥 hZiEV5qtwU0
4/19/2026, 9:08:06 AM → mandarin: live | 👀 3 | 🎥 0T4vn29EOrM
Quota used so far: 520
----
4/19/2026, 9:10:06 AM → cantonese: upcoming | 🎥 75ZExh5dylI
4/19/2026, 9:10:06 AM → english: live | 👀 11 | 🎥 hZiEV5qtwU0
4/19/2026, 9:10:06 AM → mandarin: live | 👀 3 | 🎥 0T4vn29EOrM
Quota used so far: 523
----
4/19/2026, 9:12:06 AM → cantonese: upcoming | 🎥 75ZExh5dylI
4/19/2026, 9:12:06 AM → english: live | 👀 11 | 🎥 hZiEV5qtwU0
4/19/2026, 9:12:06 AM → mandarin: live | 👀 4 | 🎥 0T4vn29EOrM
Quota used so far: 526
----
4/19/2026, 9:14:06 AM → cantonese: upcoming | 🎥 75ZExh5dylI
4/19/2026, 9:14:06 AM → english: live | 👀 12 | 🎥 hZiEV5qtwU0
4/19/2026, 9:14:06 AM → mandarin: live | 👀 5 | 🎥 0T4vn29EOrM
Quota used so far: 529
----
4/19/2026, 9:16:06 AM → cantonese: upcoming | 🎥 75ZExh5dylI
4/19/2026, 9:16:06 AM → english: live | 👀 15 | 🎥 hZiEV5qtwU0
4/19/2026, 9:16:06 AM → mandarin: live | 👀 5 | 🎥 0T4vn29EOrM
Quota used so far: 532
----
4/19/2026, 9:18:06 AM → cantonese: upcoming | 🎥 75ZExh5dylI
4/19/2026, 9:18:06 AM → english: live | 👀 15 | 🎥 hZiEV5qtwU0
4/19/2026, 9:18:06 AM → mandarin: live | 👀 5 | 🎥 0T4vn29EOrM
Quota used so far: 535
----
4/19/2026, 9:20:06 AM → cantonese: upcoming | 🎥 75ZExh5dylI
4/19/2026, 9:20:06 AM → english: live | 👀 15 | 🎥 hZiEV5qtwU0
4/19/2026, 9:20:06 AM → mandarin: live | 👀 5 | 🎥 0T4vn29EOrM
Quota used so far: 538
----
4/19/2026, 9:22:06 AM → cantonese: upcoming | 🎥 75ZExh5dylI
4/19/2026, 9:22:06 AM → english: live | 👀 14 | 🎥 hZiEV5qtwU0
4/19/2026, 9:22:06 AM → mandarin: live | 👀 5 | 🎥 0T4vn29EOrM
Quota used so far: 541
----
4/19/2026, 9:24:06 AM → cantonese: upcoming | 🎥 75ZExh5dylI
4/19/2026, 9:24:06 AM → english: live | 👀 15 | 🎥 hZiEV5qtwU0
4/19/2026, 9:24:06 AM → mandarin: live | 👀 4 | 🎥 0T4vn29EOrM
Quota used so far: 544
----
4/19/2026, 9:26:06 AM → cantonese: upcoming | 🎥 75ZExh5dylI
4/19/2026, 9:26:06 AM → english: live | 👀 15 | 🎥 hZiEV5qtwU0
4/19/2026, 9:26:06 AM → mandarin: live | 👀 4 | 🎥 0T4vn29EOrM
Quota used so far: 547
----
4/19/2026, 9:28:06 AM → cantonese: upcoming | 🎥 75ZExh5dylI
4/19/2026, 9:28:06 AM → english: live | 👀 15 | 🎥 hZiEV5qtwU0
4/19/2026, 9:28:06 AM → mandarin: live | 👀 5 | 🎥 0T4vn29EOrM
Quota used so far: 550
----
4/19/2026, 9:30:06 AM → cantonese: upcoming | 🎥 75ZExh5dylI
4/19/2026, 9:30:06 AM → english: live | 👀 15 | 🎥 hZiEV5qtwU0
4/19/2026, 9:30:06 AM → mandarin: live | 👀 5 | 🎥 0T4vn29EOrM
Quota used so far: 553
----
4/19/2026, 9:32:06 AM → cantonese: upcoming | 🎥 75ZExh5dylI
4/19/2026, 9:32:06 AM → english: live | 👀 16 | 🎥 hZiEV5qtwU0
4/19/2026, 9:32:06 AM → mandarin: live | 👀 5 | 🎥 0T4vn29EOrM
Quota used so far: 556
----
4/19/2026, 9:34:06 AM → cantonese: upcoming | 🎥 75ZExh5dylI
4/19/2026, 9:34:06 AM → english: live | 👀 16 | 🎥 hZiEV5qtwU0
4/19/2026, 9:34:06 AM → mandarin: live | 👀 5 | 🎥 0T4vn29EOrM
Quota used so far: 559
----
4/19/2026, 9:36:06 AM → cantonese: upcoming | 🎥 75ZExh5dylI
4/19/2026, 9:36:06 AM → english: live | 👀 17 | 🎥 hZiEV5qtwU0
4/19/2026, 9:36:06 AM → mandarin: live | 👀 5 | 🎥 0T4vn29EOrM
Quota used so far: 562
----
4/19/2026, 9:38:06 AM → cantonese: upcoming | 🎥 75ZExh5dylI
4/19/2026, 9:38:06 AM → english: live | 👀 16 | 🎥 hZiEV5qtwU0
4/19/2026, 9:38:06 AM → mandarin: live | 👀 5 | 🎥 0T4vn29EOrM
Quota used so far: 565
----
4/19/2026, 9:40:06 AM → cantonese: upcoming | 🎥 75ZExh5dylI
4/19/2026, 9:40:06 AM → english: live | 👀 18 | 🎥 hZiEV5qtwU0
4/19/2026, 9:40:06 AM → mandarin: live | 👀 4 | 🎥 0T4vn29EOrM
Quota used so far: 568
----
4/19/2026, 9:42:06 AM → cantonese: upcoming | 🎥 75ZExh5dylI
4/19/2026, 9:42:06 AM → english: live | 👀 18 | 🎥 hZiEV5qtwU0
4/19/2026, 9:42:06 AM → mandarin: live | 👀 4 | 🎥 0T4vn29EOrM
Quota used so far: 571
----
4/19/2026, 9:44:06 AM → cantonese: upcoming | 🎥 75ZExh5dylI
4/19/2026, 9:44:06 AM → english: live | 👀 18 | 🎥 hZiEV5qtwU0
4/19/2026, 9:44:06 AM → mandarin: live | 👀 4 | 🎥 0T4vn29EOrM
Quota used so far: 574
----
4/19/2026, 9:46:06 AM → cantonese: upcoming | 🎥 75ZExh5dylI
4/19/2026, 9:46:06 AM → english: live | 👀 18 | 🎥 hZiEV5qtwU0
4/19/2026, 9:46:06 AM → mandarin: live | 👀 4 | 🎥 0T4vn29EOrM
Quota used so far: 577
----
4/19/2026, 9:48:06 AM → cantonese: upcoming | 🎥 75ZExh5dylI
4/19/2026, 9:48:06 AM → english: live | 👀 18 | 🎥 hZiEV5qtwU0
4/19/2026, 9:48:06 AM → mandarin: live | 👀 4 | 🎥 0T4vn29EOrM
Quota used so far: 580
----
4/19/2026, 9:50:06 AM → cantonese: upcoming | 🎥 75ZExh5dylI
4/19/2026, 9:50:06 AM → english: live | 👀 17 | 🎥 hZiEV5qtwU0
4/19/2026, 9:50:06 AM → mandarin: live | 👀 5 | 🎥 0T4vn29EOrM
Quota used so far: 583
----
4/19/2026, 9:52:06 AM → cantonese: upcoming | 🎥 75ZExh5dylI
4/19/2026, 9:52:06 AM → english: live | 👀 17 | 🎥 hZiEV5qtwU0
4/19/2026, 9:52:06 AM → mandarin: live | 👀 4 | 🎥 0T4vn29EOrM
Quota used so far: 586
----
4/19/2026, 9:54:06 AM → cantonese: upcoming | 🎥 75ZExh5dylI
4/19/2026, 9:54:06 AM → english: live | 👀 18 | 🎥 hZiEV5qtwU0
4/19/2026, 9:54:06 AM → mandarin: live | 👀 7 | 🎥 0T4vn29EOrM
Quota used so far: 589
----
4/19/2026, 9:56:06 AM → cantonese: upcoming | 🎥 75ZExh5dylI
4/19/2026, 9:56:06 AM → english: live | 👀 18 | 🎥 hZiEV5qtwU0
4/19/2026, 9:56:06 AM → mandarin: live | 👀 6 | 🎥 0T4vn29EOrM
Quota used so far: 592
----
4/19/2026, 9:58:06 AM → cantonese: upcoming | 🎥 75ZExh5dylI
4/19/2026, 9:58:06 AM → english: live | 👀 18 | 🎥 hZiEV5qtwU0
4/19/2026, 9:58:06 AM → mandarin: live | 👀 5 | 🎥 0T4vn29EOrM
Quota used so far: 595
----
4/19/2026, 10:00:06 AM → cantonese: upcoming | 🎥 75ZExh5dylI
4/19/2026, 10:00:06 AM → english: live | 👀 16 | 🎥 hZiEV5qtwU0
4/19/2026, 10:00:06 AM → mandarin: live | 👀 6 | 🎥 0T4vn29EOrM
Quota used so far: 598
----
4/19/2026, 10:02:06 AM → cantonese: upcoming | 🎥 75ZExh5dylI
4/19/2026, 10:02:06 AM → english: live | 👀 16 | 🎥 hZiEV5qtwU0
4/19/2026, 10:02:06 AM → mandarin: live | 👀 6 | 🎥 0T4vn29EOrM
Quota used so far: 601
----
4/19/2026, 10:04:06 AM → cantonese: upcoming | 🎥 75ZExh5dylI
4/19/2026, 10:04:06 AM → english: live | 👀 16 | 🎥 hZiEV5qtwU0
4/19/2026, 10:04:06 AM → mandarin: live | 👀 6 | 🎥 0T4vn29EOrM
Quota used so far: 604
----
4/19/2026, 10:06:06 AM → cantonese: upcoming | 🎥 75ZExh5dylI
4/19/2026, 10:06:06 AM → english: live | 👀 16 | 🎥 hZiEV5qtwU0
4/19/2026, 10:06:06 AM → mandarin: live | 👀 5 | 🎥 0T4vn29EOrM
Quota used so far: 607
----
4/19/2026, 10:08:06 AM → cantonese: upcoming | 🎥 75ZExh5dylI
4/19/2026, 10:08:06 AM → english: live | 👀 16 | 🎥 hZiEV5qtwU0
4/19/2026, 10:08:06 AM → mandarin: live | 👀 5 | 🎥 0T4vn29EOrM
Quota used so far: 610
----
4/19/2026, 10:10:06 AM → cantonese: upcoming | 🎥 75ZExh5dylI
🛑 english stream just ended.
4/19/2026, 10:10:06 AM → english: none
4/19/2026, 10:10:06 AM → mandarin: live | 👀 5 | 🎥 0T4vn29EOrM
Quota used so far: 613
----
4/19/2026, 10:12:06 AM → cantonese: upcoming | 🎥 75ZExh5dylI
4/19/2026, 10:12:06 AM → mandarin: live | 👀 5 | 🎥 0T4vn29EOrM
Quota used so far: 615
----
4/19/2026, 10:14:06 AM → cantonese: upcoming | 🎥 75ZExh5dylI
🛑 mandarin stream just ended.
4/19/2026, 10:14:06 AM → mandarin: none
Quota used so far: 617
----
4/19/2026, 10:16:06 AM → cantonese: upcoming | 🎥 75ZExh5dylI
Quota used so far: 618
----
4/19/2026, 10:18:06 AM → cantonese: upcoming | 🎥 75ZExh5dylI
Quota used so far: 619
----
4/19/2026, 10:20:06 AM → cantonese: upcoming | 🎥 75ZExh5dylI
Quota used so far: 620
----
4/19/2026, 10:22:06 AM → cantonese: upcoming | 🎥 75ZExh5dylI
Quota used so far: 621
----
4/19/2026, 10:24:06 AM → cantonese: upcoming | 🎥 75ZExh5dylI
Quota used so far: 622
----
4/19/2026, 10:26:06 AM → cantonese: upcoming | 🎥 75ZExh5dylI
Quota used so far: 623
----
4/19/2026, 10:28:06 AM → cantonese: upcoming | 🎥 75ZExh5dylI
Quota used so far: 624
----
4/19/2026, 10:30:06 AM → cantonese: upcoming | 🎥 75ZExh5dylI
Quota used so far: 625
----
4/19/2026, 10:32:06 AM → cantonese: upcoming | 🎥 75ZExh5dylI
Quota used so far: 626
----
4/19/2026, 10:34:06 AM → cantonese: upcoming | 🎥 75ZExh5dylI
Quota used so far: 627
----
4/19/2026, 10:36:06 AM → cantonese: upcoming | 🎥 75ZExh5dylI
Quota used so far: 628
----
4/19/2026, 10:38:06 AM → cantonese: upcoming | 🎥 75ZExh5dylI
Quota used so far: 629
----
4/19/2026, 10:40:06 AM → cantonese: upcoming | 🎥 75ZExh5dylI
Quota used so far: 630
----
4/19/2026, 10:42:06 AM → cantonese: upcoming | 🎥 75ZExh5dylI
Quota used so far: 631
----
4/19/2026, 10:44:06 AM → cantonese: upcoming | 🎥 75ZExh5dylI
Quota used so far: 632
----
4/19/2026, 10:46:06 AM → cantonese: upcoming | 🎥 75ZExh5dylI
Quota used so far: 633
----
4/19/2026, 10:48:06 AM → cantonese: upcoming | 🎥 75ZExh5dylI
Quota used so far: 634
----
4/19/2026, 10:50:06 AM → cantonese: upcoming | 🎥 75ZExh5dylI
Quota used so far: 635
----
4/19/2026, 10:52:06 AM → cantonese: upcoming | 🎥 75ZExh5dylI
Quota used so far: 636
----
4/19/2026, 10:54:06 AM → cantonese: upcoming | 🎥 75ZExh5dylI
Quota used so far: 637
----
4/19/2026, 10:56:06 AM → cantonese: upcoming | 🎥 75ZExh5dylI
Quota used so far: 638
----
4/19/2026, 10:58:06 AM → cantonese: upcoming | 🎥 75ZExh5dylI
Quota used so far: 639
----
4/19/2026, 11:00:06 AM → cantonese: upcoming | 🎥 75ZExh5dylI
Quota used so far: 640
----
4/19/2026, 11:02:06 AM → cantonese: upcoming | 🎥 75ZExh5dylI
Quota used so far: 641
----
4/19/2026, 11:04:06 AM → cantonese: upcoming | 🎥 75ZExh5dylI
Quota used so far: 642
----
4/19/2026, 11:06:06 AM → cantonese: upcoming | 🎥 75ZExh5dylI
Quota used so far: 643
----
4/19/2026, 11:08:06 AM → cantonese: live | 👀 12 | 🎥 75ZExh5dylI
Quota used so far: 644
----
4/19/2026, 11:10:06 AM → cantonese: live | 👀 3 | 🎥 75ZExh5dylI
Quota used so far: 645
----
4/19/2026, 11:12:06 AM → cantonese: live | 👀 5 | 🎥 75ZExh5dylI
Quota used so far: 646
----
4/19/2026, 11:14:06 AM → cantonese: live | 👀 7 | 🎥 75ZExh5dylI
Quota used so far: 647
----
4/19/2026, 11:16:06 AM → cantonese: live | 👀 7 | 🎥 75ZExh5dylI
Quota used so far: 648
----
4/19/2026, 11:18:06 AM → cantonese: live | 👀 9 | 🎥 75ZExh5dylI
Quota used so far: 649
----
4/19/2026, 11:20:06 AM → cantonese: live | 👀 11 | 🎥 75ZExh5dylI
Quota used so far: 650
----
4/19/2026, 11:22:06 AM → cantonese: live | 👀 13 | 🎥 75ZExh5dylI
Quota used so far: 651
----
4/19/2026, 11:24:06 AM → cantonese: live | 👀 12 | 🎥 75ZExh5dylI
Quota used so far: 652
----
4/19/2026, 11:26:06 AM → cantonese: live | 👀 12 | 🎥 75ZExh5dylI
Quota used so far: 653
----
4/19/2026, 11:28:06 AM → cantonese: live | 👀 13 | 🎥 75ZExh5dylI
Quota used so far: 654
----
4/19/2026, 11:30:06 AM → cantonese: live | 👀 14 | 🎥 75ZExh5dylI
Quota used so far: 655
----
4/19/2026, 11:32:06 AM → cantonese: live | 👀 15 | 🎥 75ZExh5dylI
Quota used so far: 656
----
4/19/2026, 11:34:06 AM → cantonese: live | 👀 15 | 🎥 75ZExh5dylI
Quota used so far: 657
----
4/19/2026, 11:36:06 AM → cantonese: live | 👀 15 | 🎥 75ZExh5dylI
Quota used so far: 658
----
4/19/2026, 11:38:06 AM → cantonese: live | 👀 14 | 🎥 75ZExh5dylI
Quota used so far: 659
----
4/19/2026, 11:40:06 AM → cantonese: live | 👀 14 | 🎥 75ZExh5dylI
Quota used so far: 660
----
4/19/2026, 11:42:06 AM → cantonese: live | 👀 14 | 🎥 75ZExh5dylI
Quota used so far: 661
----
4/19/2026, 11:44:06 AM → cantonese: live | 👀 14 | 🎥 75ZExh5dylI
Quota used so far: 662
----
4/19/2026, 11:46:06 AM → cantonese: live | 👀 13 | 🎥 75ZExh5dylI
Quota used so far: 663
----
4/19/2026, 11:48:06 AM → cantonese: live | 👀 14 | 🎥 75ZExh5dylI
Quota used so far: 664
----
4/19/2026, 11:50:06 AM → cantonese: live | 👀 14 | 🎥 75ZExh5dylI
Quota used so far: 665
----
4/19/2026, 11:52:06 AM → cantonese: live | 👀 14 | 🎥 75ZExh5dylI
Quota used so far: 666
----
4/19/2026, 11:54:06 AM → cantonese: live | 👀 14 | 🎥 75ZExh5dylI
Quota used so far: 667
----
4/19/2026, 11:56:06 AM → cantonese: live | 👀 14 | 🎥 75ZExh5dylI
Quota used so far: 668
----
4/19/2026, 11:58:06 AM → cantonese: live | 👀 14 | 🎥 75ZExh5dylI
Quota used so far: 669
----
4/19/2026, 12:00:06 PM → cantonese: live | 👀 14 | 🎥 75ZExh5dylI
Quota used so far: 670
----
4/19/2026, 12:02:06 PM → cantonese: live | 👀 14 | 🎥 75ZExh5dylI
Quota used so far: 671
----
4/19/2026, 12:04:06 PM → cantonese: live | 👀 15 | 🎥 75ZExh5dylI
Quota used so far: 672
----
4/19/2026, 12:06:06 PM → cantonese: live | 👀 13 | 🎥 75ZExh5dylI
Quota used so far: 673
----
4/19/2026, 12:08:06 PM → cantonese: live | 👀 13 | 🎥 75ZExh5dylI
Quota used so far: 674
----
4/19/2026, 12:10:06 PM → cantonese: live | 👀 14 | 🎥 75ZExh5dylI
Quota used so far: 675
----
4/19/2026, 12:12:06 PM → cantonese: live | 👀 13 | 🎥 75ZExh5dylI
Quota used so far: 676
----
4/19/2026, 12:14:06 PM → cantonese: live | 👀 13 | 🎥 75ZExh5dylI
Quota used so far: 677
----
4/19/2026, 12:16:06 PM → cantonese: live | 👀 13 | 🎥 75ZExh5dylI
Quota used so far: 678
----
4/19/2026, 12:18:06 PM → cantonese: live | 👀 13 | 🎥 75ZExh5dylI
Quota used so far: 679
----
4/19/2026, 12:20:06 PM → cantonese: live | 👀 14 | 🎥 75ZExh5dylI
Quota used so far: 680
----
4/19/2026, 12:22:06 PM → cantonese: live | 👀 15 | 🎥 75ZExh5dylI
Quota used so far: 681
----
4/19/2026, 12:24:06 PM → cantonese: live | 👀 14 | 🎥 75ZExh5dylI
Quota used so far: 682
----
4/19/2026, 12:26:06 PM → cantonese: live | 👀 14 | 🎥 75ZExh5dylI
Quota used so far: 683
----
4/19/2026, 12:28:06 PM → cantonese: live | 👀 14 | 🎥 75ZExh5dylI
Quota used so far: 684
----
4/19/2026, 12:30:06 PM → cantonese: live | 👀 12 | 🎥 75ZExh5dylI
Quota used so far: 685
----
4/19/2026, 12:32:06 PM → cantonese: live | 👀 12 | 🎥 75ZExh5dylI
Quota used so far: 686
----
🛑 cantonese stream just ended.
4/19/2026, 12:34:06 PM → cantonese: none
Quota used so far: 687
----
✅ All streams finished. Exiting bridge.
4/26/2026, 9:00:04 AM → cantonese: upcoming | 🎥 DZVjpgcNFZU
🔒 Locked cantonese → DZVjpgcNFZU
4/26/2026, 9:00:05 AM → english: upcoming | 🎥 F9eJ6YKsHOQ
🔒 Locked english → F9eJ6YKsHOQ
4/26/2026, 9:00:05 AM → mandarin: upcoming | 🎥 gz15jNhKiLs
🔒 Locked mandarin → gz15jNhKiLs
📦 Joint cache: []
🛑 All joint streams finished.
4/26/2026, 9:00:06 AM → joint: none
Quota used so far: 507
----
4/26/2026, 9:02:04 AM → cantonese: upcoming | 🎥 DZVjpgcNFZU
4/26/2026, 9:02:04 AM → english: upcoming | 🎥 F9eJ6YKsHOQ
4/26/2026, 9:02:04 AM → mandarin: upcoming | 🎥 gz15jNhKiLs
Quota used so far: 510
----
4/26/2026, 9:04:04 AM → cantonese: upcoming | 🎥 DZVjpgcNFZU
4/26/2026, 9:04:04 AM → english: upcoming | 🎥 F9eJ6YKsHOQ
4/26/2026, 9:04:04 AM → mandarin: upcoming | 🎥 gz15jNhKiLs
Quota used so far: 513
----
4/26/2026, 9:06:04 AM → cantonese: upcoming | 🎥 DZVjpgcNFZU
4/26/2026, 9:06:04 AM → english: upcoming | 🎥 F9eJ6YKsHOQ
4/26/2026, 9:06:04 AM → mandarin: live | 👀 3 | 🎥 gz15jNhKiLs
Quota used so far: 516
----
4/26/2026, 9:08:04 AM → cantonese: upcoming | 🎥 DZVjpgcNFZU
4/26/2026, 9:08:04 AM → english: upcoming | 🎥 F9eJ6YKsHOQ
4/26/2026, 9:08:04 AM → mandarin: live | 👀 0 | 🎥 gz15jNhKiLs
Quota used so far: 519
----
4/26/2026, 9:10:04 AM → cantonese: upcoming | 🎥 DZVjpgcNFZU
4/26/2026, 9:10:04 AM → english: upcoming | 🎥 F9eJ6YKsHOQ
4/26/2026, 9:10:04 AM → mandarin: live | 👀 4 | 🎥 gz15jNhKiLs
Quota used so far: 522
----
4/26/2026, 9:12:04 AM → cantonese: upcoming | 🎥 DZVjpgcNFZU
4/26/2026, 9:12:04 AM → english: live | 👀 18 | 🎥 F9eJ6YKsHOQ
4/26/2026, 9:12:04 AM → mandarin: live | 👀 5 | 🎥 gz15jNhKiLs
Quota used so far: 525
----
4/26/2026, 9:14:04 AM → cantonese: upcoming | 🎥 DZVjpgcNFZU
4/26/2026, 9:14:04 AM → english: live | 👀 7 | 🎥 F9eJ6YKsHOQ
4/26/2026, 9:14:04 AM → mandarin: live | 👀 7 | 🎥 gz15jNhKiLs
Quota used so far: 528
----
4/26/2026, 9:16:04 AM → cantonese: upcoming | 🎥 DZVjpgcNFZU
4/26/2026, 9:16:04 AM → english: live | 👀 12 | 🎥 F9eJ6YKsHOQ
4/26/2026, 9:16:04 AM → mandarin: live | 👀 6 | 🎥 gz15jNhKiLs
Quota used so far: 531
----
4/26/2026, 9:18:04 AM → cantonese: upcoming | 🎥 DZVjpgcNFZU
4/26/2026, 9:18:04 AM → english: live | 👀 15 | 🎥 F9eJ6YKsHOQ
4/26/2026, 9:18:04 AM → mandarin: live | 👀 7 | 🎥 gz15jNhKiLs
Quota used so far: 534
----
4/26/2026, 9:20:04 AM → cantonese: upcoming | 🎥 DZVjpgcNFZU
4/26/2026, 9:20:04 AM → english: live | 👀 18 | 🎥 F9eJ6YKsHOQ
4/26/2026, 9:20:04 AM → mandarin: live | 👀 8 | 🎥 gz15jNhKiLs
Quota used so far: 537
----
4/26/2026, 9:22:04 AM → cantonese: upcoming | 🎥 DZVjpgcNFZU
4/26/2026, 9:22:04 AM → english: live | 👀 17 | 🎥 F9eJ6YKsHOQ
4/26/2026, 9:22:04 AM → mandarin: live | 👀 7 | 🎥 gz15jNhKiLs
Quota used so far: 540
----
4/26/2026, 9:24:04 AM → cantonese: upcoming | 🎥 DZVjpgcNFZU
4/26/2026, 9:24:04 AM → english: live | 👀 17 | 🎥 F9eJ6YKsHOQ
4/26/2026, 9:24:04 AM → mandarin: live | 👀 8 | 🎥 gz15jNhKiLs
Quota used so far: 543
----
4/26/2026, 9:26:04 AM → cantonese: upcoming | 🎥 DZVjpgcNFZU
4/26/2026, 9:26:04 AM → english: live | 👀 18 | 🎥 F9eJ6YKsHOQ
4/26/2026, 9:26:04 AM → mandarin: live | 👀 7 | 🎥 gz15jNhKiLs
Quota used so far: 546
----
4/26/2026, 9:28:04 AM → cantonese: upcoming | 🎥 DZVjpgcNFZU
4/26/2026, 9:28:04 AM → english: live | 👀 19 | 🎥 F9eJ6YKsHOQ
4/26/2026, 9:28:04 AM → mandarin: live | 👀 9 | 🎥 gz15jNhKiLs
Quota used so far: 549
----
4/26/2026, 9:30:04 AM → cantonese: upcoming | 🎥 DZVjpgcNFZU
4/26/2026, 9:30:04 AM → english: live | 👀 22 | 🎥 F9eJ6YKsHOQ
4/26/2026, 9:30:04 AM → mandarin: live | 👀 9 | 🎥 gz15jNhKiLs
Quota used so far: 552
----
4/26/2026, 9:32:04 AM → cantonese: upcoming | 🎥 DZVjpgcNFZU
4/26/2026, 9:32:04 AM → english: live | 👀 23 | 🎥 F9eJ6YKsHOQ
4/26/2026, 9:32:04 AM → mandarin: live | 👀 9 | 🎥 gz15jNhKiLs
Quota used so far: 555
----
4/26/2026, 9:34:04 AM → cantonese: upcoming | 🎥 DZVjpgcNFZU
4/26/2026, 9:34:04 AM → english: live | 👀 26 | 🎥 F9eJ6YKsHOQ
4/26/2026, 9:34:04 AM → mandarin: live | 👀 10 | 🎥 gz15jNhKiLs
Quota used so far: 558
----
4/26/2026, 9:36:04 AM → cantonese: upcoming | 🎥 DZVjpgcNFZU
4/26/2026, 9:36:04 AM → english: live | 👀 27 | 🎥 F9eJ6YKsHOQ
4/26/2026, 9:36:04 AM → mandarin: live | 👀 10 | 🎥 gz15jNhKiLs
Quota used so far: 561
----
4/26/2026, 9:38:04 AM → cantonese: upcoming | 🎥 DZVjpgcNFZU
4/26/2026, 9:38:04 AM → english: live | 👀 27 | 🎥 F9eJ6YKsHOQ
4/26/2026, 9:38:04 AM → mandarin: live | 👀 10 | 🎥 gz15jNhKiLs
Quota used so far: 564
----
4/26/2026, 9:40:04 AM → cantonese: upcoming | 🎥 DZVjpgcNFZU
4/26/2026, 9:40:04 AM → english: live | 👀 28 | 🎥 F9eJ6YKsHOQ
4/26/2026, 9:40:04 AM → mandarin: live | 👀 9 | 🎥 gz15jNhKiLs
Quota used so far: 567
----
4/26/2026, 9:42:04 AM → cantonese: upcoming | 🎥 DZVjpgcNFZU
4/26/2026, 9:42:04 AM → english: live | 👀 28 | 🎥 F9eJ6YKsHOQ
4/26/2026, 9:42:04 AM → mandarin: live | 👀 10 | 🎥 gz15jNhKiLs
Quota used so far: 570
----
4/26/2026, 9:44:04 AM → cantonese: upcoming | 🎥 DZVjpgcNFZU
4/26/2026, 9:44:04 AM → english: live | 👀 27 | 🎥 F9eJ6YKsHOQ
4/26/2026, 9:44:04 AM → mandarin: live | 👀 10 | 🎥 gz15jNhKiLs
Quota used so far: 573
----
4/26/2026, 9:46:05 AM → cantonese: upcoming | 🎥 DZVjpgcNFZU
4/26/2026, 9:46:05 AM → english: live | 👀 28 | 🎥 F9eJ6YKsHOQ
4/26/2026, 9:46:05 AM → mandarin: live | 👀 10 | 🎥 gz15jNhKiLs
Quota used so far: 576
----
4/26/2026, 9:48:04 AM → cantonese: upcoming | 🎥 DZVjpgcNFZU
4/26/2026, 9:48:04 AM → english: live | 👀 28 | 🎥 F9eJ6YKsHOQ
4/26/2026, 9:48:04 AM → mandarin: live | 👀 9 | 🎥 gz15jNhKiLs
Quota used so far: 579
----
4/26/2026, 9:50:05 AM → cantonese: upcoming | 🎥 DZVjpgcNFZU
4/26/2026, 9:50:05 AM → english: live | 👀 29 | 🎥 F9eJ6YKsHOQ
4/26/2026, 9:50:05 AM → mandarin: live | 👀 7 | 🎥 gz15jNhKiLs
Quota used so far: 582
----
4/26/2026, 9:52:04 AM → cantonese: upcoming | 🎥 DZVjpgcNFZU
4/26/2026, 9:52:04 AM → english: live | 👀 29 | 🎥 F9eJ6YKsHOQ
4/26/2026, 9:52:04 AM → mandarin: live | 👀 10 | 🎥 gz15jNhKiLs
Quota used so far: 585
----
4/26/2026, 9:54:04 AM → cantonese: upcoming | 🎥 DZVjpgcNFZU
4/26/2026, 9:54:04 AM → english: live | 👀 30 | 🎥 F9eJ6YKsHOQ
4/26/2026, 9:54:04 AM → mandarin: live | 👀 7 | 🎥 gz15jNhKiLs
Quota used so far: 588
----
4/26/2026, 9:56:04 AM → cantonese: upcoming | 🎥 DZVjpgcNFZU
4/26/2026, 9:56:04 AM → english: live | 👀 28 | 🎥 F9eJ6YKsHOQ
4/26/2026, 9:56:04 AM → mandarin: live | 👀 7 | 🎥 gz15jNhKiLs
Quota used so far: 591
----
4/26/2026, 9:58:04 AM → cantonese: upcoming | 🎥 DZVjpgcNFZU
4/26/2026, 9:58:04 AM → english: live | 👀 25 | 🎥 F9eJ6YKsHOQ
4/26/2026, 9:58:04 AM → mandarin: live | 👀 7 | 🎥 gz15jNhKiLs
Quota used so far: 594
----
4/26/2026, 10:00:04 AM → cantonese: upcoming | 🎥 DZVjpgcNFZU
4/26/2026, 10:00:04 AM → english: live | 👀 28 | 🎥 F9eJ6YKsHOQ
4/26/2026, 10:00:04 AM → mandarin: live | 👀 7 | 🎥 gz15jNhKiLs
Quota used so far: 597
----
4/26/2026, 10:02:04 AM → cantonese: upcoming | 🎥 DZVjpgcNFZU
4/26/2026, 10:02:04 AM → english: live | 👀 28 | 🎥 F9eJ6YKsHOQ
4/26/2026, 10:02:04 AM → mandarin: live | 👀 6 | 🎥 gz15jNhKiLs
Quota used so far: 600
----
4/26/2026, 10:04:05 AM → cantonese: upcoming | 🎥 DZVjpgcNFZU
4/26/2026, 10:04:05 AM → english: live | 👀 29 | 🎥 F9eJ6YKsHOQ
4/26/2026, 10:04:05 AM → mandarin: live | 👀 6 | 🎥 gz15jNhKiLs
Quota used so far: 603
----
4/26/2026, 10:06:04 AM → cantonese: upcoming | 🎥 DZVjpgcNFZU
4/26/2026, 10:06:04 AM → english: live | 👀 30 | 🎥 F9eJ6YKsHOQ
4/26/2026, 10:06:04 AM → mandarin: live | 👀 6 | 🎥 gz15jNhKiLs
Quota used so far: 606
----
4/26/2026, 10:08:04 AM → cantonese: upcoming | 🎥 DZVjpgcNFZU
4/26/2026, 10:08:04 AM → english: live | 👀 30 | 🎥 F9eJ6YKsHOQ
4/26/2026, 10:08:04 AM → mandarin: live | 👀 6 | 🎥 gz15jNhKiLs
Quota used so far: 609
----
4/26/2026, 10:10:04 AM → cantonese: upcoming | 🎥 DZVjpgcNFZU
4/26/2026, 10:10:04 AM → english: live | 👀 29 | 🎥 F9eJ6YKsHOQ
4/26/2026, 10:10:04 AM → mandarin: live | 👀 6 | 🎥 gz15jNhKiLs
Quota used so far: 612
----
4/26/2026, 10:12:04 AM → cantonese: upcoming | 🎥 DZVjpgcNFZU
4/26/2026, 10:12:04 AM → english: live | 👀 27 | 🎥 F9eJ6YKsHOQ
4/26/2026, 10:12:04 AM → mandarin: live | 👀 6 | 🎥 gz15jNhKiLs
Quota used so far: 615
----
4/26/2026, 10:14:04 AM → cantonese: upcoming | 🎥 DZVjpgcNFZU
4/26/2026, 10:14:04 AM → english: live | 👀 27 | 🎥 F9eJ6YKsHOQ
4/26/2026, 10:14:04 AM → mandarin: live | 👀 6 | 🎥 gz15jNhKiLs
Quota used so far: 618
----
4/26/2026, 10:16:04 AM → cantonese: upcoming | 🎥 DZVjpgcNFZU
4/26/2026, 10:16:04 AM → english: live | 👀 29 | 🎥 F9eJ6YKsHOQ
4/26/2026, 10:16:04 AM → mandarin: live | 👀 6 | 🎥 gz15jNhKiLs
Quota used so far: 621
----
4/26/2026, 10:18:04 AM → cantonese: upcoming | 🎥 DZVjpgcNFZU
4/26/2026, 10:18:04 AM → english: live | 👀 28 | 🎥 F9eJ6YKsHOQ
4/26/2026, 10:18:04 AM → mandarin: live | 👀 6 | 🎥 gz15jNhKiLs
Quota used so far: 624
----
4/26/2026, 10:20:04 AM → cantonese: upcoming | 🎥 DZVjpgcNFZU
4/26/2026, 10:20:04 AM → english: live | 👀 30 | 🎥 F9eJ6YKsHOQ
4/26/2026, 10:20:04 AM → mandarin: live | 👀 6 | 🎥 gz15jNhKiLs
Quota used so far: 627
----
4/26/2026, 10:22:04 AM → cantonese: upcoming | 🎥 DZVjpgcNFZU
4/26/2026, 10:22:04 AM → english: live | 👀 27 | 🎥 F9eJ6YKsHOQ
4/26/2026, 10:22:04 AM → mandarin: live | 👀 6 | 🎥 gz15jNhKiLs
Quota used so far: 630
----
4/26/2026, 10:24:04 AM → cantonese: upcoming | 🎥 DZVjpgcNFZU
4/26/2026, 10:24:04 AM → english: live | 👀 26 | 🎥 F9eJ6YKsHOQ
4/26/2026, 10:24:04 AM → mandarin: live | 👀 6 | 🎥 gz15jNhKiLs
Quota used so far: 633
----
4/26/2026, 10:26:04 AM → cantonese: upcoming | 🎥 DZVjpgcNFZU
4/26/2026, 10:26:04 AM → english: live | 👀 27 | 🎥 F9eJ6YKsHOQ
4/26/2026, 10:26:04 AM → mandarin: live | 👀 6 | 🎥 gz15jNhKiLs
Quota used so far: 636
----
4/26/2026, 10:28:04 AM → cantonese: upcoming | 🎥 DZVjpgcNFZU
4/26/2026, 10:28:04 AM → english: live | 👀 28 | 🎥 F9eJ6YKsHOQ
4/26/2026, 10:28:04 AM → mandarin: live | 👀 5 | 🎥 gz15jNhKiLs
Quota used so far: 639
----
4/26/2026, 10:30:04 AM → cantonese: upcoming | 🎥 DZVjpgcNFZU
4/26/2026, 10:30:04 AM → english: live | 👀 26 | 🎥 F9eJ6YKsHOQ
4/26/2026, 10:30:04 AM → mandarin: live | 👀 6 | 🎥 gz15jNhKiLs
Quota used so far: 642
----
4/26/2026, 10:32:04 AM → cantonese: upcoming | 🎥 DZVjpgcNFZU
🛑 english stream just ended.
4/26/2026, 10:32:04 AM → english: none
4/26/2026, 10:32:04 AM → mandarin: live | 👀 6 | 🎥 gz15jNhKiLs
Quota used so far: 645
----
4/26/2026, 10:34:04 AM → cantonese: upcoming | 🎥 DZVjpgcNFZU
🛑 mandarin stream just ended.
4/26/2026, 10:34:04 AM → mandarin: none
Quota used so far: 647
----
4/26/2026, 10:36:04 AM → cantonese: upcoming | 🎥 DZVjpgcNFZU
Quota used so far: 648
----
4/26/2026, 10:38:04 AM → cantonese: upcoming | 🎥 DZVjpgcNFZU
Quota used so far: 649
----
4/26/2026, 10:40:04 AM → cantonese: upcoming | 🎥 DZVjpgcNFZU
Quota used so far: 650
----
4/26/2026, 10:42:04 AM → cantonese: upcoming | 🎥 DZVjpgcNFZU
Quota used so far: 651
----
4/26/2026, 10:44:04 AM → cantonese: upcoming | 🎥 DZVjpgcNFZU
Quota used so far: 652
----
4/26/2026, 10:46:04 AM → cantonese: upcoming | 🎥 DZVjpgcNFZU
Quota used so far: 653
----
4/26/2026, 10:48:04 AM → cantonese: upcoming | 🎥 DZVjpgcNFZU
Quota used so far: 654
----
4/26/2026, 10:50:04 AM → cantonese: upcoming | 🎥 DZVjpgcNFZU
Quota used so far: 655
----
4/26/2026, 10:52:04 AM → cantonese: upcoming | 🎥 DZVjpgcNFZU
Quota used so far: 656
----
4/26/2026, 10:54:04 AM → cantonese: upcoming | 🎥 DZVjpgcNFZU
Quota used so far: 657
----
4/26/2026, 10:56:04 AM → cantonese: upcoming | 🎥 DZVjpgcNFZU
Quota used so far: 658
----
4/26/2026, 10:58:04 AM → cantonese: live | 👀 3 | 🎥 DZVjpgcNFZU
Quota used so far: 659
----
4/26/2026, 11:00:04 AM → cantonese: live | 👀 7 | 🎥 DZVjpgcNFZU
Quota used so far: 660
----
4/26/2026, 11:02:04 AM → cantonese: live | 👀 9 | 🎥 DZVjpgcNFZU
Quota used so far: 661
----
4/26/2026, 11:04:04 AM → cantonese: live | 👀 9 | 🎥 DZVjpgcNFZU
Quota used so far: 662
----
4/26/2026, 11:06:04 AM → cantonese: live | 👀 11 | 🎥 DZVjpgcNFZU
Quota used so far: 663
----
4/26/2026, 11:08:04 AM → cantonese: live | 👀 15 | 🎥 DZVjpgcNFZU
Quota used so far: 664
----
4/26/2026, 11:10:05 AM → cantonese: live | 👀 15 | 🎥 DZVjpgcNFZU
Quota used so far: 665
----
4/26/2026, 11:12:04 AM → cantonese: live | 👀 16 | 🎥 DZVjpgcNFZU
Quota used so far: 666
----
4/26/2026, 11:14:04 AM → cantonese: live | 👀 19 | 🎥 DZVjpgcNFZU
Quota used so far: 667
----
4/26/2026, 11:16:04 AM → cantonese: live | 👀 18 | 🎥 DZVjpgcNFZU
Quota used so far: 668
----
4/26/2026, 11:18:04 AM → cantonese: live | 👀 19 | 🎥 DZVjpgcNFZU
Quota used so far: 669
----
4/26/2026, 11:20:04 AM → cantonese: live | 👀 20 | 🎥 DZVjpgcNFZU
Quota used so far: 670
----
4/26/2026, 11:22:04 AM → cantonese: live | 👀 22 | 🎥 DZVjpgcNFZU
Quota used so far: 671
----
4/26/2026, 11:24:04 AM → cantonese: live | 👀 22 | 🎥 DZVjpgcNFZU
Quota used so far: 672
----
4/26/2026, 11:26:04 AM → cantonese: live | 👀 20 | 🎥 DZVjpgcNFZU
Quota used so far: 673
----
4/26/2026, 11:28:04 AM → cantonese: live | 👀 19 | 🎥 DZVjpgcNFZU
Quota used so far: 674
----
4/26/2026, 11:30:04 AM → cantonese: live | 👀 20 | 🎥 DZVjpgcNFZU
Quota used so far: 675
----
4/26/2026, 11:32:04 AM → cantonese: live | 👀 20 | 🎥 DZVjpgcNFZU
Quota used so far: 676
----
4/26/2026, 11:34:04 AM → cantonese: live | 👀 21 | 🎥 DZVjpgcNFZU
Quota used so far: 677
----
4/26/2026, 11:36:04 AM → cantonese: live | 👀 21 | 🎥 DZVjpgcNFZU
Quota used so far: 678
----
4/26/2026, 11:38:04 AM → cantonese: live | 👀 21 | 🎥 DZVjpgcNFZU
Quota used so far: 679
----
4/26/2026, 11:40:04 AM → cantonese: live | 👀 21 | 🎥 DZVjpgcNFZU
Quota used so far: 680
----
4/26/2026, 11:42:04 AM → cantonese: live | 👀 21 | 🎥 DZVjpgcNFZU
Quota used so far: 681
----
4/26/2026, 11:44:04 AM → cantonese: live | 👀 21 | 🎥 DZVjpgcNFZU
Quota used so far: 682
----
4/26/2026, 11:46:04 AM → cantonese: live | 👀 19 | 🎥 DZVjpgcNFZU
Quota used so far: 683
----
4/26/2026, 11:48:04 AM → cantonese: live | 👀 19 | 🎥 DZVjpgcNFZU
Quota used so far: 684
----
4/26/2026, 11:50:04 AM → cantonese: live | 👀 19 | 🎥 DZVjpgcNFZU
Quota used so far: 685
----
4/26/2026, 11:52:04 AM → cantonese: live | 👀 19 | 🎥 DZVjpgcNFZU
Quota used so far: 686
----
4/26/2026, 11:54:04 AM → cantonese: live | 👀 21 | 🎥 DZVjpgcNFZU
Quota used so far: 687
----
4/26/2026, 11:56:04 AM → cantonese: live | 👀 21 | 🎥 DZVjpgcNFZU
Quota used so far: 688
----
4/26/2026, 11:58:04 AM → cantonese: live | 👀 19 | 🎥 DZVjpgcNFZU
Quota used so far: 689
----
4/26/2026, 12:00:04 PM → cantonese: live | 👀 20 | 🎥 DZVjpgcNFZU
Quota used so far: 690
----
4/26/2026, 12:02:04 PM → cantonese: live | 👀 18 | 🎥 DZVjpgcNFZU
Quota used so far: 691
----
4/26/2026, 12:04:04 PM → cantonese: live | 👀 18 | 🎥 DZVjpgcNFZU
Quota used so far: 692
----
4/26/2026, 12:06:04 PM → cantonese: live | 👀 18 | 🎥 DZVjpgcNFZU
Quota used so far: 693
----
4/26/2026, 12:08:04 PM → cantonese: live | 👀 12 | 🎥 DZVjpgcNFZU
Quota used so far: 694
----
🛑 cantonese stream just ended.
4/26/2026, 12:10:04 PM → cantonese: none
Quota used so far: 695
----
✅ All streams finished. Exiting bridge.
5/3/2026, 9:00:04 AM → cantonese: upcoming | 🎥 e25l5fBFl-4
🔒 Locked cantonese → e25l5fBFl-4
5/3/2026, 9:00:04 AM → english: upcoming | 🎥 zNAkj01svp4
🔒 Locked english → zNAkj01svp4
5/3/2026, 9:00:05 AM → mandarin: upcoming | 🎥 vLcd88fZXHo
🔒 Locked mandarin → vLcd88fZXHo
📦 Joint cache: []
🛑 All joint streams finished.
5/3/2026, 9:00:06 AM → joint: none
Quota used so far: 507
----
5/3/2026, 9:02:03 AM → cantonese: upcoming | 🎥 e25l5fBFl-4
5/3/2026, 9:02:03 AM → english: upcoming | 🎥 zNAkj01svp4
5/3/2026, 9:02:04 AM → mandarin: upcoming | 🎥 vLcd88fZXHo
Quota used so far: 510
----
5/3/2026, 9:04:03 AM → cantonese: upcoming | 🎥 e25l5fBFl-4
5/3/2026, 9:04:03 AM → english: upcoming | 🎥 zNAkj01svp4
5/3/2026, 9:04:04 AM → mandarin: upcoming | 🎥 vLcd88fZXHo
Quota used so far: 513
----
5/3/2026, 9:06:03 AM → cantonese: upcoming | 🎥 e25l5fBFl-4
5/3/2026, 9:06:03 AM → english: upcoming | 🎥 zNAkj01svp4
5/3/2026, 9:06:03 AM → mandarin: upcoming | 🎥 vLcd88fZXHo
Quota used so far: 516
----
5/3/2026, 9:08:03 AM → cantonese: upcoming | 🎥 e25l5fBFl-4
5/3/2026, 9:08:03 AM → english: upcoming | 🎥 zNAkj01svp4
5/3/2026, 9:08:04 AM → mandarin: upcoming | 🎥 vLcd88fZXHo
Quota used so far: 519
----
5/3/2026, 9:10:03 AM → cantonese: upcoming | 🎥 e25l5fBFl-4
5/3/2026, 9:10:03 AM → english: live | 👀 2 | 🎥 zNAkj01svp4
5/3/2026, 9:10:04 AM → mandarin: upcoming | 🎥 vLcd88fZXHo
Quota used so far: 522
----
5/3/2026, 9:12:03 AM → cantonese: upcoming | 🎥 e25l5fBFl-4
5/3/2026, 9:12:03 AM → english: live | 👀 5 | 🎥 zNAkj01svp4
5/3/2026, 9:12:03 AM → mandarin: live | 👀 1 | 🎥 vLcd88fZXHo
Quota used so far: 525
----
5/3/2026, 9:14:03 AM → cantonese: upcoming | 🎥 e25l5fBFl-4
5/3/2026, 9:14:04 AM → english: live | 👀 7 | 🎥 zNAkj01svp4
5/3/2026, 9:14:04 AM → mandarin: live | 👀 1 | 🎥 vLcd88fZXHo
Quota used so far: 528
----
5/3/2026, 9:16:03 AM → cantonese: upcoming | 🎥 e25l5fBFl-4
5/3/2026, 9:16:03 AM → english: live | 👀 11 | 🎥 zNAkj01svp4
5/3/2026, 9:16:04 AM → mandarin: live | 👀 5 | 🎥 vLcd88fZXHo
Quota used so far: 531
----
5/3/2026, 9:18:03 AM → cantonese: upcoming | 🎥 e25l5fBFl-4
5/3/2026, 9:18:03 AM → english: live | 👀 13 | 🎥 zNAkj01svp4
5/3/2026, 9:18:04 AM → mandarin: live | 👀 3 | 🎥 vLcd88fZXHo
Quota used so far: 534
----
5/3/2026, 9:20:03 AM → cantonese: upcoming | 🎥 e25l5fBFl-4
5/3/2026, 9:20:03 AM → english: live | 👀 14 | 🎥 zNAkj01svp4
5/3/2026, 9:20:03 AM → mandarin: live | 👀 3 | 🎥 vLcd88fZXHo
Quota used so far: 537
----
5/3/2026, 9:22:03 AM → cantonese: upcoming | 🎥 e25l5fBFl-4
5/3/2026, 9:22:03 AM → english: live | 👀 16 | 🎥 zNAkj01svp4
5/3/2026, 9:22:04 AM → mandarin: live | 👀 7 | 🎥 vLcd88fZXHo
Quota used so far: 540
----
5/3/2026, 9:24:03 AM → cantonese: upcoming | 🎥 e25l5fBFl-4
5/3/2026, 9:24:03 AM → english: live | 👀 18 | 🎥 zNAkj01svp4
5/3/2026, 9:24:03 AM → mandarin: live | 👀 8 | 🎥 vLcd88fZXHo
Quota used so far: 543
----
5/3/2026, 9:26:03 AM → cantonese: upcoming | 🎥 e25l5fBFl-4
5/3/2026, 9:26:03 AM → english: live | 👀 20 | 🎥 zNAkj01svp4
5/3/2026, 9:26:04 AM → mandarin: live | 👀 9 | 🎥 vLcd88fZXHo
Quota used so far: 546
----
5/3/2026, 9:28:03 AM → cantonese: upcoming | 🎥 e25l5fBFl-4
5/3/2026, 9:28:03 AM → english: live | 👀 20 | 🎥 zNAkj01svp4
5/3/2026, 9:28:04 AM → mandarin: live | 👀 8 | 🎥 vLcd88fZXHo
Quota used so far: 549
----
5/3/2026, 9:30:03 AM → cantonese: upcoming | 🎥 e25l5fBFl-4
5/3/2026, 9:30:03 AM → english: live | 👀 21 | 🎥 zNAkj01svp4
5/3/2026, 9:30:04 AM → mandarin: live | 👀 7 | 🎥 vLcd88fZXHo
Quota used so far: 552
----
5/3/2026, 9:32:03 AM → cantonese: upcoming | 🎥 e25l5fBFl-4
5/3/2026, 9:32:03 AM → english: live | 👀 19 | 🎥 zNAkj01svp4
5/3/2026, 9:32:04 AM → mandarin: live | 👀 7 | 🎥 vLcd88fZXHo
Quota used so far: 555
----
5/3/2026, 9:34:03 AM → cantonese: upcoming | 🎥 e25l5fBFl-4
5/3/2026, 9:34:03 AM → english: live | 👀 19 | 🎥 zNAkj01svp4
5/3/2026, 9:34:04 AM → mandarin: live | 👀 8 | 🎥 vLcd88fZXHo
Quota used so far: 558
----
5/3/2026, 9:36:03 AM → cantonese: upcoming | 🎥 e25l5fBFl-4
5/3/2026, 9:36:03 AM → english: live | 👀 20 | 🎥 zNAkj01svp4
5/3/2026, 9:36:03 AM → mandarin: live | 👀 8 | 🎥 vLcd88fZXHo
Quota used so far: 561
----
5/3/2026, 9:38:03 AM → cantonese: upcoming | 🎥 e25l5fBFl-4
5/3/2026, 9:38:03 AM → english: live | 👀 21 | 🎥 zNAkj01svp4
5/3/2026, 9:38:04 AM → mandarin: live | 👀 7 | 🎥 vLcd88fZXHo
Quota used so far: 564
----
5/3/2026, 9:40:03 AM → cantonese: upcoming | 🎥 e25l5fBFl-4
5/3/2026, 9:40:03 AM → english: live | 👀 20 | 🎥 zNAkj01svp4
5/3/2026, 9:40:04 AM → mandarin: live | 👀 8 | 🎥 vLcd88fZXHo
Quota used so far: 567
----
5/3/2026, 9:42:03 AM → cantonese: upcoming | 🎥 e25l5fBFl-4
5/3/2026, 9:42:03 AM → english: live | 👀 20 | 🎥 zNAkj01svp4
5/3/2026, 9:42:04 AM → mandarin: live | 👀 8 | 🎥 vLcd88fZXHo
Quota used so far: 570
----
5/3/2026, 9:44:03 AM → cantonese: upcoming | 🎥 e25l5fBFl-4
5/3/2026, 9:44:04 AM → english: live | 👀 20 | 🎥 zNAkj01svp4
5/3/2026, 9:44:04 AM → mandarin: live | 👀 8 | 🎥 vLcd88fZXHo
Quota used so far: 573
----
5/3/2026, 9:46:03 AM → cantonese: upcoming | 🎥 e25l5fBFl-4
5/3/2026, 9:46:03 AM → english: live | 👀 21 | 🎥 zNAkj01svp4
5/3/2026, 9:46:04 AM → mandarin: live | 👀 8 | 🎥 vLcd88fZXHo
Quota used so far: 576
----
5/3/2026, 9:48:03 AM → cantonese: upcoming | 🎥 e25l5fBFl-4
5/3/2026, 9:48:03 AM → english: live | 👀 21 | 🎥 zNAkj01svp4
5/3/2026, 9:48:04 AM → mandarin: live | 👀 7 | 🎥 vLcd88fZXHo
Quota used so far: 579
----
5/3/2026, 9:50:03 AM → cantonese: upcoming | 🎥 e25l5fBFl-4
5/3/2026, 9:50:03 AM → english: live | 👀 21 | 🎥 zNAkj01svp4
5/3/2026, 9:50:04 AM → mandarin: live | 👀 7 | 🎥 vLcd88fZXHo
Quota used so far: 582
----
5/3/2026, 9:52:03 AM → cantonese: upcoming | 🎥 e25l5fBFl-4
5/3/2026, 9:52:04 AM → english: live | 👀 22 | 🎥 zNAkj01svp4
5/3/2026, 9:52:04 AM → mandarin: live | 👀 9 | 🎥 vLcd88fZXHo
Quota used so far: 585
----
5/3/2026, 9:54:03 AM → cantonese: upcoming | 🎥 e25l5fBFl-4
5/3/2026, 9:54:03 AM → english: live | 👀 22 | 🎥 zNAkj01svp4
5/3/2026, 9:54:04 AM → mandarin: live | 👀 8 | 🎥 vLcd88fZXHo
Quota used so far: 588
----
5/3/2026, 9:56:03 AM → cantonese: upcoming | 🎥 e25l5fBFl-4
5/3/2026, 9:56:03 AM → english: live | 👀 22 | 🎥 zNAkj01svp4
5/3/2026, 9:56:04 AM → mandarin: live | 👀 9 | 🎥 vLcd88fZXHo
Quota used so far: 591
----
5/3/2026, 9:58:03 AM → cantonese: upcoming | 🎥 e25l5fBFl-4
5/3/2026, 9:58:03 AM → english: live | 👀 24 | 🎥 zNAkj01svp4
5/3/2026, 9:58:04 AM → mandarin: live | 👀 8 | 🎥 vLcd88fZXHo
Quota used so far: 594
----
5/3/2026, 10:00:03 AM → cantonese: upcoming | 🎥 e25l5fBFl-4
5/3/2026, 10:00:04 AM → english: live | 👀 25 | 🎥 zNAkj01svp4
5/3/2026, 10:00:04 AM → mandarin: live | 👀 8 | 🎥 vLcd88fZXHo
Quota used so far: 597
----
5/3/2026, 10:02:03 AM → cantonese: upcoming | 🎥 e25l5fBFl-4
5/3/2026, 10:02:03 AM → english: live | 👀 23 | 🎥 zNAkj01svp4
5/3/2026, 10:02:04 AM → mandarin: live | 👀 8 | 🎥 vLcd88fZXHo
Quota used so far: 600
----
5/3/2026, 10:04:03 AM → cantonese: upcoming | 🎥 e25l5fBFl-4
5/3/2026, 10:04:03 AM → english: live | 👀 21 | 🎥 zNAkj01svp4
5/3/2026, 10:04:04 AM → mandarin: live | 👀 8 | 🎥 vLcd88fZXHo
Quota used so far: 603
----
5/3/2026, 10:06:03 AM → cantonese: upcoming | 🎥 e25l5fBFl-4
5/3/2026, 10:06:03 AM → english: live | 👀 24 | 🎥 zNAkj01svp4
5/3/2026, 10:06:03 AM → mandarin: live | 👀 8 | 🎥 vLcd88fZXHo
Quota used so far: 606
----
5/3/2026, 10:08:03 AM → cantonese: upcoming | 🎥 e25l5fBFl-4
5/3/2026, 10:08:03 AM → english: live | 👀 25 | 🎥 zNAkj01svp4
5/3/2026, 10:08:03 AM → mandarin: live | 👀 10 | 🎥 vLcd88fZXHo
Quota used so far: 609
----
5/3/2026, 10:10:03 AM → cantonese: upcoming | 🎥 e25l5fBFl-4
5/3/2026, 10:10:04 AM → english: live | 👀 23 | 🎥 zNAkj01svp4
5/3/2026, 10:10:04 AM → mandarin: live | 👀 11 | 🎥 vLcd88fZXHo
Quota used so far: 612
----
5/3/2026, 10:12:03 AM → cantonese: upcoming | 🎥 e25l5fBFl-4
5/3/2026, 10:12:03 AM → english: live | 👀 24 | 🎥 zNAkj01svp4
5/3/2026, 10:12:04 AM → mandarin: live | 👀 10 | 🎥 vLcd88fZXHo
Quota used so far: 615
----
5/3/2026, 10:14:03 AM → cantonese: upcoming | 🎥 e25l5fBFl-4
5/3/2026, 10:14:03 AM → english: live | 👀 24 | 🎥 zNAkj01svp4
5/3/2026, 10:14:04 AM → mandarin: live | 👀 10 | 🎥 vLcd88fZXHo
Quota used so far: 618
----
5/3/2026, 10:16:03 AM → cantonese: upcoming | 🎥 e25l5fBFl-4
5/3/2026, 10:16:03 AM → english: live | 👀 22 | 🎥 zNAkj01svp4
5/3/2026, 10:16:04 AM → mandarin: live | 👀 10 | 🎥 vLcd88fZXHo
Quota used so far: 621
----
5/3/2026, 10:18:03 AM → cantonese: upcoming | 🎥 e25l5fBFl-4
5/3/2026, 10:18:03 AM → english: live | 👀 22 | 🎥 zNAkj01svp4
5/3/2026, 10:18:04 AM → mandarin: live | 👀 10 | 🎥 vLcd88fZXHo
Quota used so far: 624
----
5/3/2026, 10:20:03 AM → cantonese: upcoming | 🎥 e25l5fBFl-4
5/3/2026, 10:20:03 AM → english: live | 👀 22 | 🎥 zNAkj01svp4
5/3/2026, 10:20:04 AM → mandarin: live | 👀 10 | 🎥 vLcd88fZXHo
Quota used so far: 627
----
5/3/2026, 10:22:03 AM → cantonese: upcoming | 🎥 e25l5fBFl-4
5/3/2026, 10:22:04 AM → english: live | 👀 22 | 🎥 zNAkj01svp4
5/3/2026, 10:22:04 AM → mandarin: live | 👀 8 | 🎥 vLcd88fZXHo
Quota used so far: 630
----
5/3/2026, 10:24:03 AM → cantonese: upcoming | 🎥 e25l5fBFl-4
🛑 english stream just ended.
5/3/2026, 10:24:04 AM → english: none
5/3/2026, 10:24:04 AM → mandarin: live | 👀 8 | 🎥 vLcd88fZXHo
Quota used so far: 633
----
5/3/2026, 10:26:03 AM → cantonese: upcoming | 🎥 e25l5fBFl-4
5/3/2026, 10:26:04 AM → mandarin: live | 👀 8 | 🎥 vLcd88fZXHo
Quota used so far: 635
----
5/3/2026, 10:28:03 AM → cantonese: upcoming | 🎥 e25l5fBFl-4
5/3/2026, 10:28:04 AM → mandarin: live | 👀 11 | 🎥 vLcd88fZXHo
Quota used so far: 637
----
5/3/2026, 10:30:03 AM → cantonese: upcoming | 🎥 e25l5fBFl-4
5/3/2026, 10:30:03 AM → mandarin: live | 👀 9 | 🎥 vLcd88fZXHo
Quota used so far: 639
----
5/3/2026, 10:32:03 AM → cantonese: upcoming | 🎥 e25l5fBFl-4
5/3/2026, 10:32:04 AM → mandarin: live | 👀 7 | 🎥 vLcd88fZXHo
Quota used so far: 641
----
5/3/2026, 10:34:03 AM → cantonese: upcoming | 🎥 e25l5fBFl-4
🛑 mandarin stream just ended.
5/3/2026, 10:34:04 AM → mandarin: none
Quota used so far: 643
----
5/3/2026, 10:36:03 AM → cantonese: upcoming | 🎥 e25l5fBFl-4
Quota used so far: 644
----
5/3/2026, 10:38:03 AM → cantonese: upcoming | 🎥 e25l5fBFl-4
Quota used so far: 645
----
5/3/2026, 10:40:03 AM → cantonese: upcoming | 🎥 e25l5fBFl-4
Quota used so far: 646
----
5/3/2026, 10:42:03 AM → cantonese: upcoming | 🎥 e25l5fBFl-4
Quota used so far: 647
----
5/3/2026, 10:44:03 AM → cantonese: upcoming | 🎥 e25l5fBFl-4
Quota used so far: 648
----
5/3/2026, 10:46:03 AM → cantonese: upcoming | 🎥 e25l5fBFl-4
Quota used so far: 649
----
5/3/2026, 10:48:03 AM → cantonese: upcoming | 🎥 e25l5fBFl-4
Quota used so far: 650
----
5/3/2026, 10:50:03 AM → cantonese: upcoming | 🎥 e25l5fBFl-4
Quota used so far: 651
----
5/3/2026, 10:52:03 AM → cantonese: upcoming | 🎥 e25l5fBFl-4
Quota used so far: 652
----
5/3/2026, 10:54:03 AM → cantonese: upcoming | 🎥 e25l5fBFl-4
Quota used so far: 653
----
5/3/2026, 10:56:03 AM → cantonese: upcoming | 🎥 e25l5fBFl-4
Quota used so far: 654
----
5/3/2026, 10:58:03 AM → cantonese: live | 👀 5 | 🎥 e25l5fBFl-4
Quota used so far: 655
----
5/3/2026, 11:00:03 AM → cantonese: live | 👀 8 | 🎥 e25l5fBFl-4
Quota used so far: 656
----
5/3/2026, 11:02:03 AM → cantonese: live | 👀 8 | 🎥 e25l5fBFl-4
Quota used so far: 657
----
5/3/2026, 11:04:03 AM → cantonese: live | 👀 13 | 🎥 e25l5fBFl-4
Quota used so far: 658
----
5/3/2026, 11:06:03 AM → cantonese: live | 👀 12 | 🎥 e25l5fBFl-4
Quota used so far: 659
----
5/3/2026, 11:08:03 AM → cantonese: live | 👀 14 | 🎥 e25l5fBFl-4
Quota used so far: 660
----
5/3/2026, 11:10:03 AM → cantonese: live | 👀 14 | 🎥 e25l5fBFl-4
Quota used so far: 661
----
5/3/2026, 11:12:03 AM → cantonese: live | 👀 14 | 🎥 e25l5fBFl-4
Quota used so far: 662
----
5/3/2026, 11:14:03 AM → cantonese: live | 👀 14 | 🎥 e25l5fBFl-4
Quota used so far: 663
----
5/3/2026, 11:16:03 AM → cantonese: live | 👀 15 | 🎥 e25l5fBFl-4
Quota used so far: 664
----
5/3/2026, 11:18:03 AM → cantonese: live | 👀 15 | 🎥 e25l5fBFl-4
Quota used so far: 665
----
5/3/2026, 11:20:03 AM → cantonese: live | 👀 17 | 🎥 e25l5fBFl-4
Quota used so far: 666
----
5/3/2026, 11:22:03 AM → cantonese: live | 👀 17 | 🎥 e25l5fBFl-4
Quota used so far: 667
----
5/3/2026, 11:24:03 AM → cantonese: live | 👀 17 | 🎥 e25l5fBFl-4
Quota used so far: 668
----
5/3/2026, 11:26:03 AM → cantonese: live | 👀 17 | 🎥 e25l5fBFl-4
Quota used so far: 669
----
5/3/2026, 11:28:03 AM → cantonese: live | 👀 19 | 🎥 e25l5fBFl-4
Quota used so far: 670
----
5/3/2026, 11:30:03 AM → cantonese: live | 👀 19 | 🎥 e25l5fBFl-4
Quota used so far: 671
----
5/3/2026, 11:32:03 AM → cantonese: live | 👀 18 | 🎥 e25l5fBFl-4
Quota used so far: 672
----
5/3/2026, 11:34:03 AM → cantonese: live | 👀 19 | 🎥 e25l5fBFl-4
Quota used so far: 673
----
5/3/2026, 11:36:03 AM → cantonese: live | 👀 19 | 🎥 e25l5fBFl-4
Quota used so far: 674
----
5/3/2026, 11:38:04 AM → cantonese: live | 👀 19 | 🎥 e25l5fBFl-4
Quota used so far: 675
----
5/3/2026, 11:40:04 AM → cantonese: live | 👀 19 | 🎥 e25l5fBFl-4
Quota used so far: 676
----
5/3/2026, 11:42:03 AM → cantonese: live | 👀 20 | 🎥 e25l5fBFl-4
Quota used so far: 677
----
5/3/2026, 11:44:03 AM → cantonese: live | 👀 20 | 🎥 e25l5fBFl-4
Quota used so far: 678
----
5/3/2026, 11:46:03 AM → cantonese: live | 👀 19 | 🎥 e25l5fBFl-4
Quota used so far: 679
----
5/3/2026, 11:48:03 AM → cantonese: live | 👀 19 | 🎥 e25l5fBFl-4
Quota used so far: 680
----
5/3/2026, 11:50:04 AM → cantonese: live | 👀 19 | 🎥 e25l5fBFl-4
Quota used so far: 681
----
5/3/2026, 11:52:03 AM → cantonese: live | 👀 20 | 🎥 e25l5fBFl-4
Quota used so far: 682
----
5/3/2026, 11:54:04 AM → cantonese: live | 👀 20 | 🎥 e25l5fBFl-4
Quota used so far: 683
----
5/3/2026, 11:56:04 AM → cantonese: live | 👀 19 | 🎥 e25l5fBFl-4
Quota used so far: 684
----
5/3/2026, 11:58:04 AM → cantonese: live | 👀 18 | 🎥 e25l5fBFl-4
Quota used so far: 685
----
5/3/2026, 12:00:03 PM → cantonese: live | 👀 18 | 🎥 e25l5fBFl-4
Quota used so far: 686
----
5/3/2026, 12:02:04 PM → cantonese: live | 👀 17 | 🎥 e25l5fBFl-4
Quota used so far: 687
----
5/3/2026, 12:04:03 PM → cantonese: live | 👀 19 | 🎥 e25l5fBFl-4
Quota used so far: 688
----
5/3/2026, 12:06:03 PM → cantonese: live | 👀 16 | 🎥 e25l5fBFl-4
Quota used so far: 689
----
5/3/2026, 12:08:04 PM → cantonese: live | 👀 18 | 🎥 e25l5fBFl-4
Quota used so far: 690
----
5/3/2026, 12:10:04 PM → cantonese: live | 👀 16 | 🎥 e25l5fBFl-4
Quota used so far: 691
----
🛑 cantonese stream just ended.
5/3/2026, 12:12:04 PM → cantonese: none
Quota used so far: 692
----
✅ All streams finished. Exiting bridge.
5/10/2026, 9:00:07 AM → cantonese: upcoming | 🎥 oEAR_0rOmkA
🔒 Locked cantonese → oEAR_0rOmkA
5/10/2026, 9:00:07 AM → english: upcoming | 🎥 QHloCIoaG4A
🔒 Locked english → QHloCIoaG4A
5/10/2026, 9:00:08 AM → mandarin: upcoming | 🎥 lCEeH6MqsKU
🔒 Locked mandarin → lCEeH6MqsKU
📦 Joint cache: []
🛑 All joint streams finished.
5/10/2026, 9:00:09 AM → joint: none
Quota used so far: 507
----
5/10/2026, 9:02:06 AM → cantonese: upcoming | 🎥 oEAR_0rOmkA
5/10/2026, 9:02:06 AM → english: upcoming | 🎥 QHloCIoaG4A
5/10/2026, 9:02:06 AM → mandarin: upcoming | 🎥 lCEeH6MqsKU
Quota used so far: 510
----
5/10/2026, 9:04:06 AM → cantonese: upcoming | 🎥 oEAR_0rOmkA
5/10/2026, 9:04:06 AM → english: upcoming | 🎥 QHloCIoaG4A
5/10/2026, 9:04:06 AM → mandarin: upcoming | 🎥 lCEeH6MqsKU
Quota used so far: 513
----
5/10/2026, 9:06:06 AM → cantonese: upcoming | 🎥 oEAR_0rOmkA
5/10/2026, 9:06:06 AM → english: upcoming | 🎥 QHloCIoaG4A
5/10/2026, 9:06:06 AM → mandarin: upcoming | 🎥 lCEeH6MqsKU
Quota used so far: 516
----
5/10/2026, 9:08:06 AM → cantonese: upcoming | 🎥 oEAR_0rOmkA
5/10/2026, 9:08:06 AM → english: live | 👀 6 | 🎥 QHloCIoaG4A
5/10/2026, 9:08:06 AM → mandarin: upcoming | 🎥 lCEeH6MqsKU
Quota used so far: 519
----
5/10/2026, 9:10:06 AM → cantonese: upcoming | 🎥 oEAR_0rOmkA
5/10/2026, 9:10:06 AM → english: live | 👀 6 | 🎥 QHloCIoaG4A
5/10/2026, 9:10:06 AM → mandarin: live | 👀 2 | 🎥 lCEeH6MqsKU
Quota used so far: 522
----
5/10/2026, 9:12:06 AM → cantonese: upcoming | 🎥 oEAR_0rOmkA
5/10/2026, 9:12:06 AM → english: live | 👀 9 | 🎥 QHloCIoaG4A
5/10/2026, 9:12:07 AM → mandarin: live | 👀 3 | 🎥 lCEeH6MqsKU
Quota used so far: 525
----
5/10/2026, 9:14:06 AM → cantonese: upcoming | 🎥 oEAR_0rOmkA
5/10/2026, 9:14:06 AM → english: live | 👀 10 | 🎥 QHloCIoaG4A
5/10/2026, 9:14:07 AM → mandarin: live | 👀 3 | 🎥 lCEeH6MqsKU
Quota used so far: 528
----
5/10/2026, 9:16:06 AM → cantonese: upcoming | 🎥 oEAR_0rOmkA
5/10/2026, 9:16:06 AM → english: live | 👀 12 | 🎥 QHloCIoaG4A
5/10/2026, 9:16:07 AM → mandarin: live | 👀 3 | 🎥 lCEeH6MqsKU
Quota used so far: 531
----
5/10/2026, 9:18:06 AM → cantonese: upcoming | 🎥 oEAR_0rOmkA
5/10/2026, 9:18:06 AM → english: live | 👀 13 | 🎥 QHloCIoaG4A
5/10/2026, 9:18:06 AM → mandarin: live | 👀 4 | 🎥 lCEeH6MqsKU
Quota used so far: 534
----
5/10/2026, 9:20:06 AM → cantonese: upcoming | 🎥 oEAR_0rOmkA
5/10/2026, 9:20:06 AM → english: live | 👀 13 | 🎥 QHloCIoaG4A
5/10/2026, 9:20:07 AM → mandarin: live | 👀 6 | 🎥 lCEeH6MqsKU
Quota used so far: 537
----
5/10/2026, 9:22:06 AM → cantonese: upcoming | 🎥 oEAR_0rOmkA
5/10/2026, 9:22:06 AM → english: live | 👀 18 | 🎥 QHloCIoaG4A
5/10/2026, 9:22:06 AM → mandarin: live | 👀 6 | 🎥 lCEeH6MqsKU
Quota used so far: 540
----
5/10/2026, 9:24:06 AM → cantonese: upcoming | 🎥 oEAR_0rOmkA
5/10/2026, 9:24:06 AM → english: live | 👀 16 | 🎥 QHloCIoaG4A
5/10/2026, 9:24:07 AM → mandarin: live | 👀 7 | 🎥 lCEeH6MqsKU
Quota used so far: 543
----
5/10/2026, 9:26:06 AM → cantonese: upcoming | 🎥 oEAR_0rOmkA
5/10/2026, 9:26:06 AM → english: live | 👀 16 | 🎥 QHloCIoaG4A
5/10/2026, 9:26:06 AM → mandarin: live | 👀 7 | 🎥 lCEeH6MqsKU
Quota used so far: 546
----
5/10/2026, 9:28:07 AM → cantonese: upcoming | 🎥 oEAR_0rOmkA
5/10/2026, 9:28:07 AM → english: live | 👀 18 | 🎥 QHloCIoaG4A
5/10/2026, 9:28:07 AM → mandarin: live | 👀 7 | 🎥 lCEeH6MqsKU
Quota used so far: 549
----
5/10/2026, 9:30:07 AM → cantonese: upcoming | 🎥 oEAR_0rOmkA
5/10/2026, 9:30:07 AM → english: live | 👀 17 | 🎥 QHloCIoaG4A
5/10/2026, 9:30:07 AM → mandarin: live | 👀 6 | 🎥 lCEeH6MqsKU
Quota used so far: 552
----
5/10/2026, 9:32:06 AM → cantonese: upcoming | 🎥 oEAR_0rOmkA
5/10/2026, 9:32:06 AM → english: live | 👀 17 | 🎥 QHloCIoaG4A
5/10/2026, 9:32:07 AM → mandarin: live | 👀 6 | 🎥 lCEeH6MqsKU
Quota used so far: 555
----
5/10/2026, 9:34:06 AM → cantonese: upcoming | 🎥 oEAR_0rOmkA
5/10/2026, 9:34:06 AM → english: live | 👀 18 | 🎥 QHloCIoaG4A
5/10/2026, 9:34:07 AM → mandarin: live | 👀 6 | 🎥 lCEeH6MqsKU
Quota used so far: 558
----
5/10/2026, 9:36:06 AM → cantonese: upcoming | 🎥 oEAR_0rOmkA
5/10/2026, 9:36:06 AM → english: live | 👀 18 | 🎥 QHloCIoaG4A
5/10/2026, 9:36:06 AM → mandarin: live | 👀 6 | 🎥 lCEeH6MqsKU
Quota used so far: 561
----
5/10/2026, 9:38:06 AM → cantonese: upcoming | 🎥 oEAR_0rOmkA
5/10/2026, 9:38:06 AM → english: live | 👀 18 | 🎥 QHloCIoaG4A
5/10/2026, 9:38:07 AM → mandarin: live | 👀 9 | 🎥 lCEeH6MqsKU
Quota used so far: 564
----
5/10/2026, 9:40:06 AM → cantonese: upcoming | 🎥 oEAR_0rOmkA
5/10/2026, 9:40:06 AM → english: live | 👀 19 | 🎥 QHloCIoaG4A
5/10/2026, 9:40:07 AM → mandarin: live | 👀 8 | 🎥 lCEeH6MqsKU
Quota used so far: 567
----
5/10/2026, 9:42:06 AM → cantonese: upcoming | 🎥 oEAR_0rOmkA
5/10/2026, 9:42:06 AM → english: live | 👀 19 | 🎥 QHloCIoaG4A
5/10/2026, 9:42:07 AM → mandarin: live | 👀 8 | 🎥 lCEeH6MqsKU
Quota used so far: 570
----
5/10/2026, 9:44:06 AM → cantonese: upcoming | 🎥 oEAR_0rOmkA
5/10/2026, 9:44:06 AM → english: live | 👀 18 | 🎥 QHloCIoaG4A
5/10/2026, 9:44:07 AM → mandarin: live | 👀 8 | 🎥 lCEeH6MqsKU
Quota used so far: 573
----
5/10/2026, 9:46:06 AM → cantonese: upcoming | 🎥 oEAR_0rOmkA
5/10/2026, 9:46:06 AM → english: live | 👀 20 | 🎥 QHloCIoaG4A
5/10/2026, 9:46:07 AM → mandarin: live | 👀 10 | 🎥 lCEeH6MqsKU
Quota used so far: 576
----
5/10/2026, 9:48:06 AM → cantonese: upcoming | 🎥 oEAR_0rOmkA
5/10/2026, 9:48:06 AM → english: live | 👀 19 | 🎥 QHloCIoaG4A
5/10/2026, 9:48:06 AM → mandarin: live | 👀 9 | 🎥 lCEeH6MqsKU
Quota used so far: 579
----
5/10/2026, 9:50:06 AM → cantonese: upcoming | 🎥 oEAR_0rOmkA
5/10/2026, 9:50:07 AM → english: live | 👀 21 | 🎥 QHloCIoaG4A
5/10/2026, 9:50:07 AM → mandarin: live | 👀 7 | 🎥 lCEeH6MqsKU
Quota used so far: 582
----
5/10/2026, 9:52:06 AM → cantonese: upcoming | 🎥 oEAR_0rOmkA
5/10/2026, 9:52:06 AM → english: live | 👀 18 | 🎥 QHloCIoaG4A
5/10/2026, 9:52:07 AM → mandarin: live | 👀 8 | 🎥 lCEeH6MqsKU
Quota used so far: 585
----
5/10/2026, 9:54:06 AM → cantonese: upcoming | 🎥 oEAR_0rOmkA
5/10/2026, 9:54:06 AM → english: live | 👀 19 | 🎥 QHloCIoaG4A
5/10/2026, 9:54:06 AM → mandarin: live | 👀 8 | 🎥 lCEeH6MqsKU
Quota used so far: 588
----
5/10/2026, 9:56:06 AM → cantonese: upcoming | 🎥 oEAR_0rOmkA
5/10/2026, 9:56:06 AM → english: live | 👀 18 | 🎥 QHloCIoaG4A
5/10/2026, 9:56:07 AM → mandarin: live | 👀 7 | 🎥 lCEeH6MqsKU
Quota used so far: 591
----
5/10/2026, 9:58:06 AM → cantonese: upcoming | 🎥 oEAR_0rOmkA
5/10/2026, 9:58:07 AM → english: live | 👀 19 | 🎥 QHloCIoaG4A
5/10/2026, 9:58:07 AM → mandarin: live | 👀 8 | 🎥 lCEeH6MqsKU
Quota used so far: 594
----
5/10/2026, 10:00:07 AM → cantonese: upcoming | 🎥 oEAR_0rOmkA
5/10/2026, 10:00:07 AM → english: live | 👀 18 | 🎥 QHloCIoaG4A
5/10/2026, 10:00:07 AM → mandarin: live | 👀 8 | 🎥 lCEeH6MqsKU
Quota used so far: 597
----
5/10/2026, 10:02:06 AM → cantonese: upcoming | 🎥 oEAR_0rOmkA
5/10/2026, 10:02:07 AM → english: live | 👀 18 | 🎥 QHloCIoaG4A
5/10/2026, 10:02:07 AM → mandarin: live | 👀 9 | 🎥 lCEeH6MqsKU
Quota used so far: 600
----
5/10/2026, 10:04:06 AM → cantonese: upcoming | 🎥 oEAR_0rOmkA
5/10/2026, 10:04:06 AM → english: live | 👀 19 | 🎥 QHloCIoaG4A
5/10/2026, 10:04:07 AM → mandarin: live | 👀 8 | 🎥 lCEeH6MqsKU
Quota used so far: 603
----
5/10/2026, 10:06:06 AM → cantonese: upcoming | 🎥 oEAR_0rOmkA
5/10/2026, 10:06:06 AM → english: live | 👀 19 | 🎥 QHloCIoaG4A
5/10/2026, 10:06:07 AM → mandarin: live | 👀 9 | 🎥 lCEeH6MqsKU
Quota used so far: 606
----
5/10/2026, 10:08:06 AM → cantonese: upcoming | 🎥 oEAR_0rOmkA
5/10/2026, 10:08:06 AM → english: live | 👀 20 | 🎥 QHloCIoaG4A
5/10/2026, 10:08:07 AM → mandarin: live | 👀 9 | 🎥 lCEeH6MqsKU
Quota used so far: 609
----
5/10/2026, 10:10:06 AM → cantonese: upcoming | 🎥 oEAR_0rOmkA
5/10/2026, 10:10:06 AM → english: live | 👀 21 | 🎥 QHloCIoaG4A
5/10/2026, 10:10:07 AM → mandarin: live | 👀 9 | 🎥 lCEeH6MqsKU
Quota used so far: 612
----
5/10/2026, 10:12:06 AM → cantonese: upcoming | 🎥 oEAR_0rOmkA
5/10/2026, 10:12:06 AM → english: live | 👀 21 | 🎥 QHloCIoaG4A
5/10/2026, 10:12:07 AM → mandarin: live | 👀 9 | 🎥 lCEeH6MqsKU
Quota used so far: 615
----
5/10/2026, 10:14:06 AM → cantonese: upcoming | 🎥 oEAR_0rOmkA
5/10/2026, 10:14:06 AM → english: live | 👀 21 | 🎥 QHloCIoaG4A
5/10/2026, 10:14:07 AM → mandarin: live | 👀 9 | 🎥 lCEeH6MqsKU
Quota used so far: 618
----
5/10/2026, 10:16:06 AM → cantonese: upcoming | 🎥 oEAR_0rOmkA
5/10/2026, 10:16:07 AM → english: live | 👀 21 | 🎥 QHloCIoaG4A
5/10/2026, 10:16:07 AM → mandarin: live | 👀 9 | 🎥 lCEeH6MqsKU
Quota used so far: 621
----
5/10/2026, 10:18:06 AM → cantonese: upcoming | 🎥 oEAR_0rOmkA
5/10/2026, 10:18:07 AM → english: live | 👀 21 | 🎥 QHloCIoaG4A
5/10/2026, 10:18:07 AM → mandarin: live | 👀 10 | 🎥 lCEeH6MqsKU
Quota used so far: 624
----
5/10/2026, 10:20:06 AM → cantonese: upcoming | 🎥 oEAR_0rOmkA
5/10/2026, 10:20:07 AM → english: live | 👀 21 | 🎥 QHloCIoaG4A
5/10/2026, 10:20:07 AM → mandarin: live | 👀 10 | 🎥 lCEeH6MqsKU
Quota used so far: 627
----
5/10/2026, 10:22:06 AM → cantonese: upcoming | 🎥 oEAR_0rOmkA
5/10/2026, 10:22:07 AM → english: live | 👀 22 | 🎥 QHloCIoaG4A
5/10/2026, 10:22:07 AM → mandarin: live | 👀 11 | 🎥 lCEeH6MqsKU
Quota used so far: 630
----
5/10/2026, 10:24:06 AM → cantonese: upcoming | 🎥 oEAR_0rOmkA
5/10/2026, 10:24:06 AM → english: live | 👀 22 | 🎥 QHloCIoaG4A
5/10/2026, 10:24:07 AM → mandarin: live | 👀 11 | 🎥 lCEeH6MqsKU
Quota used so far: 633
----
5/10/2026, 10:26:06 AM → cantonese: upcoming | 🎥 oEAR_0rOmkA
5/10/2026, 10:26:06 AM → english: live | 👀 22 | 🎥 QHloCIoaG4A
5/10/2026, 10:26:07 AM → mandarin: live | 👀 7 | 🎥 lCEeH6MqsKU
Quota used so far: 636
----
5/10/2026, 10:28:06 AM → cantonese: upcoming | 🎥 oEAR_0rOmkA
5/10/2026, 10:28:06 AM → english: live | 👀 22 | 🎥 QHloCIoaG4A
5/10/2026, 10:28:07 AM → mandarin: live | 👀 8 | 🎥 lCEeH6MqsKU
Quota used so far: 639
----
5/10/2026, 10:30:06 AM → cantonese: upcoming | 🎥 oEAR_0rOmkA
5/10/2026, 10:30:07 AM → english: live | 👀 23 | 🎥 QHloCIoaG4A
5/10/2026, 10:30:07 AM → mandarin: live | 👀 8 | 🎥 lCEeH6MqsKU
Quota used so far: 642
----
5/10/2026, 10:32:06 AM → cantonese: upcoming | 🎥 oEAR_0rOmkA
5/10/2026, 10:32:06 AM → english: live | 👀 20 | 🎥 QHloCIoaG4A
5/10/2026, 10:32:07 AM → mandarin: live | 👀 9 | 🎥 lCEeH6MqsKU
Quota used so far: 645
----
5/10/2026, 10:34:06 AM → cantonese: upcoming | 🎥 oEAR_0rOmkA
5/10/2026, 10:34:07 AM → english: live | 👀 18 | 🎥 QHloCIoaG4A
5/10/2026, 10:34:07 AM → mandarin: live | 👀 9 | 🎥 lCEeH6MqsKU
Quota used so far: 648
----
5/10/2026, 10:36:06 AM → cantonese: upcoming | 🎥 oEAR_0rOmkA
🛑 english stream just ended.
5/10/2026, 10:36:07 AM → english: none
🛑 mandarin stream just ended.
5/10/2026, 10:36:07 AM → mandarin: none
Quota used so far: 651
----
5/10/2026, 10:38:06 AM → cantonese: upcoming | 🎥 oEAR_0rOmkA
Quota used so far: 652
----
5/10/2026, 10:40:06 AM → cantonese: upcoming | 🎥 oEAR_0rOmkA
Quota used so far: 653
----
5/10/2026, 10:42:06 AM → cantonese: upcoming | 🎥 oEAR_0rOmkA
Quota used so far: 654
----
5/10/2026, 10:44:06 AM → cantonese: upcoming | 🎥 oEAR_0rOmkA
Quota used so far: 655
----
5/10/2026, 10:46:06 AM → cantonese: upcoming | 🎥 oEAR_0rOmkA
Quota used so far: 656
----
5/10/2026, 10:48:06 AM → cantonese: upcoming | 🎥 oEAR_0rOmkA
Quota used so far: 657
----
5/10/2026, 10:50:06 AM → cantonese: upcoming | 🎥 oEAR_0rOmkA
Quota used so far: 658
----
5/10/2026, 10:52:06 AM → cantonese: upcoming | 🎥 oEAR_0rOmkA
Quota used so far: 659
----
5/10/2026, 10:54:06 AM → cantonese: upcoming | 🎥 oEAR_0rOmkA
Quota used so far: 660
----
5/10/2026, 10:56:06 AM → cantonese: upcoming | 🎥 oEAR_0rOmkA
Quota used so far: 661
----
5/10/2026, 10:58:07 AM → cantonese: upcoming | 🎥 oEAR_0rOmkA
Quota used so far: 662
----
5/10/2026, 11:00:06 AM → cantonese: live | 👀 6 | 🎥 oEAR_0rOmkA
Quota used so far: 663
----
5/10/2026, 11:02:06 AM → cantonese: live | 👀 8 | 🎥 oEAR_0rOmkA
Quota used so far: 664
----
5/10/2026, 11:04:06 AM → cantonese: live | 👀 8 | 🎥 oEAR_0rOmkA
Quota used so far: 665
----
5/10/2026, 11:06:06 AM → cantonese: live | 👀 10 | 🎥 oEAR_0rOmkA
Quota used so far: 666
----
5/10/2026, 11:08:06 AM → cantonese: live | 👀 12 | 🎥 oEAR_0rOmkA
Quota used so far: 667
----
5/10/2026, 11:10:06 AM → cantonese: live | 👀 11 | 🎥 oEAR_0rOmkA
Quota used so far: 668
----
5/10/2026, 11:12:06 AM → cantonese: live | 👀 12 | 🎥 oEAR_0rOmkA
Quota used so far: 669
----
5/10/2026, 11:14:06 AM → cantonese: live | 👀 13 | 🎥 oEAR_0rOmkA
Quota used so far: 670
----
5/10/2026, 11:16:06 AM → cantonese: live | 👀 15 | 🎥 oEAR_0rOmkA
Quota used so far: 671
----
5/10/2026, 11:18:06 AM → cantonese: live | 👀 14 | 🎥 oEAR_0rOmkA
Quota used so far: 672
----
5/10/2026, 11:20:06 AM → cantonese: live | 👀 15 | 🎥 oEAR_0rOmkA
Quota used so far: 673
----
5/10/2026, 11:22:07 AM → cantonese: live | 👀 13 | 🎥 oEAR_0rOmkA
Quota used so far: 674
----
5/10/2026, 11:24:06 AM → cantonese: live | 👀 14 | 🎥 oEAR_0rOmkA
Quota used so far: 675
----
5/10/2026, 11:26:06 AM → cantonese: live | 👀 14 | 🎥 oEAR_0rOmkA
Quota used so far: 676
----
5/10/2026, 11:28:06 AM → cantonese: live | 👀 15 | 🎥 oEAR_0rOmkA
Quota used so far: 677
----
5/10/2026, 11:30:06 AM → cantonese: live | 👀 14 | 🎥 oEAR_0rOmkA
Quota used so far: 678
----
5/10/2026, 11:32:06 AM → cantonese: live | 👀 16 | 🎥 oEAR_0rOmkA
Quota used so far: 679
----
5/10/2026, 11:34:07 AM → cantonese: live | 👀 16 | 🎥 oEAR_0rOmkA
Quota used so far: 680
----
5/10/2026, 11:36:07 AM → cantonese: live | 👀 16 | 🎥 oEAR_0rOmkA
Quota used so far: 681
----
5/10/2026, 11:38:06 AM → cantonese: live | 👀 15 | 🎥 oEAR_0rOmkA
Quota used so far: 682
----
5/10/2026, 11:40:07 AM → cantonese: live | 👀 16 | 🎥 oEAR_0rOmkA
Quota used so far: 683
----
5/10/2026, 11:42:07 AM → cantonese: live | 👀 16 | 🎥 oEAR_0rOmkA
Quota used so far: 684
----
5/10/2026, 11:44:06 AM → cantonese: live | 👀 17 | 🎥 oEAR_0rOmkA
Quota used so far: 685
----
5/10/2026, 11:46:06 AM → cantonese: live | 👀 15 | 🎥 oEAR_0rOmkA
Quota used so far: 686
----
5/10/2026, 11:48:06 AM → cantonese: live | 👀 16 | 🎥 oEAR_0rOmkA
Quota used so far: 687
----
5/10/2026, 11:50:06 AM → cantonese: live | 👀 16 | 🎥 oEAR_0rOmkA
Quota used so far: 688
----
5/10/2026, 11:52:06 AM → cantonese: live | 👀 17 | 🎥 oEAR_0rOmkA
Quota used so far: 689
----
5/10/2026, 11:54:06 AM → cantonese: live | 👀 17 | 🎥 oEAR_0rOmkA
Quota used so far: 690
----
5/10/2026, 11:56:07 AM → cantonese: live | 👀 16 | 🎥 oEAR_0rOmkA
Quota used so far: 691
----
5/10/2026, 11:58:06 AM → cantonese: live | 👀 16 | 🎥 oEAR_0rOmkA
Quota used so far: 692
----
5/10/2026, 12:00:06 PM → cantonese: live | 👀 17 | 🎥 oEAR_0rOmkA
Quota used so far: 693
----
5/10/2026, 12:02:06 PM → cantonese: live | 👀 17 | 🎥 oEAR_0rOmkA
Quota used so far: 694
----
5/10/2026, 12:04:06 PM → cantonese: live | 👀 17 | 🎥 oEAR_0rOmkA
Quota used so far: 695
----
5/10/2026, 12:06:06 PM → cantonese: live | 👀 18 | 🎥 oEAR_0rOmkA
Quota used so far: 696
----
5/10/2026, 12:08:06 PM → cantonese: live | 👀 17 | 🎥 oEAR_0rOmkA
Quota used so far: 697
----
5/10/2026, 12:10:06 PM → cantonese: live | 👀 18 | 🎥 oEAR_0rOmkA
Quota used so far: 698
----
5/10/2026, 12:12:06 PM → cantonese: live | 👀 18 | 🎥 oEAR_0rOmkA
Quota used so far: 699
----
5/10/2026, 12:14:06 PM → cantonese: live | 👀 17 | 🎥 oEAR_0rOmkA
Quota used so far: 700
----
5/10/2026, 12:16:06 PM → cantonese: live | 👀 17 | 🎥 oEAR_0rOmkA
Quota used so far: 701
----
🛑 cantonese stream just ended.
5/10/2026, 12:18:07 PM → cantonese: none
Quota used so far: 702
----
✅ All streams finished. Exiting bridge.
5/17/2026, 9:00:06 AM → cantonese: upcoming | 🎥 4UY-QNc6p1Y
🔒 Locked cantonese → 4UY-QNc6p1Y
5/17/2026, 9:00:06 AM → english: upcoming | 🎥 WImXplVuZXY
🔒 Locked english → WImXplVuZXY
5/17/2026, 9:00:06 AM → mandarin: upcoming | 🎥 6hZLFHM-YpA
🔒 Locked mandarin → 6hZLFHM-YpA
📦 Joint cache: []
🛑 All joint streams finished.
5/17/2026, 9:00:07 AM → joint: none
Quota used so far: 507
----
5/17/2026, 9:02:05 AM → cantonese: upcoming | 🎥 4UY-QNc6p1Y
5/17/2026, 9:02:05 AM → english: upcoming | 🎥 WImXplVuZXY
5/17/2026, 9:02:05 AM → mandarin: upcoming | 🎥 6hZLFHM-YpA
Quota used so far: 510
----
5/17/2026, 9:04:05 AM → cantonese: upcoming | 🎥 4UY-QNc6p1Y
5/17/2026, 9:04:05 AM → english: upcoming | 🎥 WImXplVuZXY
5/17/2026, 9:04:05 AM → mandarin: upcoming | 🎥 6hZLFHM-YpA
Quota used so far: 513
----
5/17/2026, 9:06:05 AM → cantonese: upcoming | 🎥 4UY-QNc6p1Y
5/17/2026, 9:06:05 AM → english: upcoming | 🎥 WImXplVuZXY
5/17/2026, 9:06:05 AM → mandarin: upcoming | 🎥 6hZLFHM-YpA
Quota used so far: 516
----
5/17/2026, 9:08:05 AM → cantonese: upcoming | 🎥 4UY-QNc6p1Y
5/17/2026, 9:08:05 AM → english: live | 👀 7 | 🎥 WImXplVuZXY
5/17/2026, 9:08:05 AM → mandarin: upcoming | 🎥 6hZLFHM-YpA
Quota used so far: 519
----
5/17/2026, 9:10:05 AM → cantonese: upcoming | 🎥 4UY-QNc6p1Y
5/17/2026, 9:10:05 AM → english: live | 👀 3 | 🎥 WImXplVuZXY
5/17/2026, 9:10:05 AM → mandarin: upcoming | 🎥 6hZLFHM-YpA
Quota used so far: 522
----
5/17/2026, 9:12:05 AM → cantonese: upcoming | 🎥 4UY-QNc6p1Y
5/17/2026, 9:12:05 AM → english: live | 👀 5 | 🎥 WImXplVuZXY
5/17/2026, 9:12:05 AM → mandarin: upcoming | 🎥 6hZLFHM-YpA
Quota used so far: 525
----
5/17/2026, 9:14:05 AM → cantonese: upcoming | 🎥 4UY-QNc6p1Y
5/17/2026, 9:14:05 AM → english: live | 👀 7 | 🎥 WImXplVuZXY
5/17/2026, 9:14:05 AM → mandarin: upcoming | 🎥 6hZLFHM-YpA
Quota used so far: 528
----
5/17/2026, 9:16:05 AM → cantonese: upcoming | 🎥 4UY-QNc6p1Y
5/17/2026, 9:16:05 AM → english: live | 👀 8 | 🎥 WImXplVuZXY
5/17/2026, 9:16:05 AM → mandarin: upcoming | 🎥 6hZLFHM-YpA
Quota used so far: 531
----
5/17/2026, 9:18:05 AM → cantonese: upcoming | 🎥 4UY-QNc6p1Y
5/17/2026, 9:18:05 AM → english: live | 👀 12 | 🎥 WImXplVuZXY
5/17/2026, 9:18:05 AM → mandarin: live | 👀 6 | 🎥 6hZLFHM-YpA
Quota used so far: 534
----
5/17/2026, 9:20:05 AM → cantonese: upcoming | 🎥 4UY-QNc6p1Y
5/17/2026, 9:20:05 AM → english: live | 👀 15 | 🎥 WImXplVuZXY
5/17/2026, 9:20:05 AM → mandarin: live | 👀 5 | 🎥 6hZLFHM-YpA
Quota used so far: 537
----
5/17/2026, 9:22:05 AM → cantonese: upcoming | 🎥 4UY-QNc6p1Y
5/17/2026, 9:22:05 AM → english: live | 👀 15 | 🎥 WImXplVuZXY
5/17/2026, 9:22:05 AM → mandarin: live | 👀 4 | 🎥 6hZLFHM-YpA
Quota used so far: 540
----
5/17/2026, 9:24:05 AM → cantonese: upcoming | 🎥 4UY-QNc6p1Y
5/17/2026, 9:24:05 AM → english: live | 👀 15 | 🎥 WImXplVuZXY
5/17/2026, 9:24:05 AM → mandarin: live | 👀 3 | 🎥 6hZLFHM-YpA
Quota used so far: 543
----
5/17/2026, 9:26:05 AM → cantonese: upcoming | 🎥 4UY-QNc6p1Y
5/17/2026, 9:26:06 AM → english: live | 👀 15 | 🎥 WImXplVuZXY
5/17/2026, 9:26:06 AM → mandarin: live | 👀 4 | 🎥 6hZLFHM-YpA
Quota used so far: 546
----
5/17/2026, 9:28:05 AM → cantonese: upcoming | 🎥 4UY-QNc6p1Y
5/17/2026, 9:28:05 AM → english: live | 👀 18 | 🎥 WImXplVuZXY
5/17/2026, 9:28:05 AM → mandarin: live | 👀 6 | 🎥 6hZLFHM-YpA
Quota used so far: 549
----
5/17/2026, 9:30:05 AM → cantonese: upcoming | 🎥 4UY-QNc6p1Y
5/17/2026, 9:30:05 AM → english: live | 👀 17 | 🎥 WImXplVuZXY
5/17/2026, 9:30:05 AM → mandarin: live | 👀 5 | 🎥 6hZLFHM-YpA
Quota used so far: 552
----
5/17/2026, 9:32:05 AM → cantonese: upcoming | 🎥 4UY-QNc6p1Y
5/17/2026, 9:32:05 AM → english: live | 👀 17 | 🎥 WImXplVuZXY
5/17/2026, 9:32:05 AM → mandarin: live | 👀 3 | 🎥 6hZLFHM-YpA
Quota used so far: 555
----
5/17/2026, 9:34:05 AM → cantonese: upcoming | 🎥 4UY-QNc6p1Y
5/17/2026, 9:34:05 AM → english: live | 👀 17 | 🎥 WImXplVuZXY
5/17/2026, 9:34:05 AM → mandarin: live | 👀 4 | 🎥 6hZLFHM-YpA
Quota used so far: 558
----
5/17/2026, 9:36:05 AM → cantonese: upcoming | 🎥 4UY-QNc6p1Y
5/17/2026, 9:36:05 AM → english: live | 👀 18 | 🎥 WImXplVuZXY
5/17/2026, 9:36:05 AM → mandarin: live | 👀 4 | 🎥 6hZLFHM-YpA
Quota used so far: 561
----
5/17/2026, 9:38:05 AM → cantonese: upcoming | 🎥 4UY-QNc6p1Y
5/17/2026, 9:38:05 AM → english: live | 👀 20 | 🎥 WImXplVuZXY
5/17/2026, 9:38:05 AM → mandarin: live | 👀 4 | 🎥 6hZLFHM-YpA
Quota used so far: 564
----
5/17/2026, 9:40:05 AM → cantonese: upcoming | 🎥 4UY-QNc6p1Y
5/17/2026, 9:40:05 AM → english: live | 👀 21 | 🎥 WImXplVuZXY
5/17/2026, 9:40:05 AM → mandarin: live | 👀 4 | 🎥 6hZLFHM-YpA
Quota used so far: 567
----
5/17/2026, 9:42:05 AM → cantonese: upcoming | 🎥 4UY-QNc6p1Y
5/17/2026, 9:42:05 AM → english: live | 👀 22 | 🎥 WImXplVuZXY
5/17/2026, 9:42:05 AM → mandarin: live | 👀 4 | 🎥 6hZLFHM-YpA
Quota used so far: 570
----
5/17/2026, 9:44:05 AM → cantonese: upcoming | 🎥 4UY-QNc6p1Y
5/17/2026, 9:44:06 AM → english: live | 👀 24 | 🎥 WImXplVuZXY
5/17/2026, 9:44:06 AM → mandarin: live | 👀 4 | 🎥 6hZLFHM-YpA
Quota used so far: 573
----
5/17/2026, 9:46:05 AM → cantonese: upcoming | 🎥 4UY-QNc6p1Y
5/17/2026, 9:46:05 AM → english: live | 👀 25 | 🎥 WImXplVuZXY
5/17/2026, 9:46:05 AM → mandarin: live | 👀 5 | 🎥 6hZLFHM-YpA
Quota used so far: 576
----
5/17/2026, 9:48:05 AM → cantonese: upcoming | 🎥 4UY-QNc6p1Y
5/17/2026, 9:48:05 AM → english: live | 👀 24 | 🎥 WImXplVuZXY
5/17/2026, 9:48:05 AM → mandarin: live | 👀 3 | 🎥 6hZLFHM-YpA
Quota used so far: 579
----
5/17/2026, 9:50:05 AM → cantonese: upcoming | 🎥 4UY-QNc6p1Y
5/17/2026, 9:50:06 AM → english: live | 👀 24 | 🎥 WImXplVuZXY
5/17/2026, 9:50:06 AM → mandarin: live | 👀 3 | 🎥 6hZLFHM-YpA
Quota used so far: 582
----
5/17/2026, 9:52:05 AM → cantonese: upcoming | 🎥 4UY-QNc6p1Y
5/17/2026, 9:52:05 AM → english: live | 👀 24 | 🎥 WImXplVuZXY
5/17/2026, 9:52:05 AM → mandarin: live | 👀 5 | 🎥 6hZLFHM-YpA
Quota used so far: 585
----
5/17/2026, 9:54:05 AM → cantonese: upcoming | 🎥 4UY-QNc6p1Y
5/17/2026, 9:54:05 AM → english: live | 👀 23 | 🎥 WImXplVuZXY
5/17/2026, 9:54:05 AM → mandarin: live | 👀 4 | 🎥 6hZLFHM-YpA
Quota used so far: 588
----
5/17/2026, 9:56:05 AM → cantonese: upcoming | 🎥 4UY-QNc6p1Y
5/17/2026, 9:56:05 AM → english: live | 👀 24 | 🎥 WImXplVuZXY
5/17/2026, 9:56:05 AM → mandarin: live | 👀 4 | 🎥 6hZLFHM-YpA
Quota used so far: 591
----
5/17/2026, 9:58:05 AM → cantonese: upcoming | 🎥 4UY-QNc6p1Y
5/17/2026, 9:58:06 AM → english: live | 👀 24 | 🎥 WImXplVuZXY
5/17/2026, 9:58:06 AM → mandarin: live | 👀 4 | 🎥 6hZLFHM-YpA
Quota used so far: 594
----
5/17/2026, 10:00:05 AM → cantonese: upcoming | 🎥 4UY-QNc6p1Y
5/17/2026, 10:00:05 AM → english: live | 👀 24 | 🎥 WImXplVuZXY
5/17/2026, 10:00:05 AM → mandarin: live | 👀 4 | 🎥 6hZLFHM-YpA
Quota used so far: 597
----
5/17/2026, 10:02:05 AM → cantonese: upcoming | 🎥 4UY-QNc6p1Y
5/17/2026, 10:02:06 AM → english: live | 👀 24 | 🎥 WImXplVuZXY
5/17/2026, 10:02:06 AM → mandarin: live | 👀 5 | 🎥 6hZLFHM-YpA
Quota used so far: 600
----
5/17/2026, 10:04:05 AM → cantonese: upcoming | 🎥 4UY-QNc6p1Y
5/17/2026, 10:04:05 AM → english: live | 👀 25 | 🎥 WImXplVuZXY
5/17/2026, 10:04:06 AM → mandarin: live | 👀 5 | 🎥 6hZLFHM-YpA
Quota used so far: 603
----
5/17/2026, 10:06:05 AM → cantonese: upcoming | 🎥 4UY-QNc6p1Y
5/17/2026, 10:06:05 AM → english: live | 👀 25 | 🎥 WImXplVuZXY
5/17/2026, 10:06:05 AM → mandarin: live | 👀 5 | 🎥 6hZLFHM-YpA
Quota used so far: 606
----
5/17/2026, 10:08:05 AM → cantonese: upcoming | 🎥 4UY-QNc6p1Y
5/17/2026, 10:08:05 AM → english: live | 👀 25 | 🎥 WImXplVuZXY
5/17/2026, 10:08:05 AM → mandarin: live | 👀 6 | 🎥 6hZLFHM-YpA
Quota used so far: 609
----
5/17/2026, 10:10:05 AM → cantonese: upcoming | 🎥 4UY-QNc6p1Y
5/17/2026, 10:10:05 AM → english: live | 👀 26 | 🎥 WImXplVuZXY
5/17/2026, 10:10:05 AM → mandarin: live | 👀 5 | 🎥 6hZLFHM-YpA
Quota used so far: 612
----
5/17/2026, 10:12:05 AM → cantonese: upcoming | 🎥 4UY-QNc6p1Y
5/17/2026, 10:12:05 AM → english: live | 👀 26 | 🎥 WImXplVuZXY
5/17/2026, 10:12:05 AM → mandarin: live | 👀 4 | 🎥 6hZLFHM-YpA
Quota used so far: 615
----
5/17/2026, 10:14:05 AM → cantonese: upcoming | 🎥 4UY-QNc6p1Y
5/17/2026, 10:14:05 AM → english: live | 👀 26 | 🎥 WImXplVuZXY
5/17/2026, 10:14:05 AM → mandarin: live | 👀 4 | 🎥 6hZLFHM-YpA
Quota used so far: 618
----
5/17/2026, 10:16:05 AM → cantonese: upcoming | 🎥 4UY-QNc6p1Y
5/17/2026, 10:16:05 AM → english: live | 👀 27 | 🎥 WImXplVuZXY
5/17/2026, 10:16:05 AM → mandarin: live | 👀 4 | 🎥 6hZLFHM-YpA
Quota used so far: 621
----
5/17/2026, 10:18:05 AM → cantonese: upcoming | 🎥 4UY-QNc6p1Y
5/17/2026, 10:18:05 AM → english: live | 👀 25 | 🎥 WImXplVuZXY
5/17/2026, 10:18:05 AM → mandarin: live | 👀 4 | 🎥 6hZLFHM-YpA
Quota used so far: 624
----
5/17/2026, 10:20:05 AM → cantonese: upcoming | 🎥 4UY-QNc6p1Y
5/17/2026, 10:20:05 AM → english: live | 👀 25 | 🎥 WImXplVuZXY
5/17/2026, 10:20:05 AM → mandarin: live | 👀 4 | 🎥 6hZLFHM-YpA
Quota used so far: 627
----
5/17/2026, 10:22:05 AM → cantonese: upcoming | 🎥 4UY-QNc6p1Y
5/17/2026, 10:22:05 AM → english: live | 👀 25 | 🎥 WImXplVuZXY
5/17/2026, 10:22:05 AM → mandarin: live | 👀 4 | 🎥 6hZLFHM-YpA
Quota used so far: 630
----
5/17/2026, 10:24:05 AM → cantonese: upcoming | 🎥 4UY-QNc6p1Y
5/17/2026, 10:24:05 AM → english: live | 👀 24 | 🎥 WImXplVuZXY
5/17/2026, 10:24:05 AM → mandarin: live | 👀 3 | 🎥 6hZLFHM-YpA
Quota used so far: 633
----
5/17/2026, 10:26:05 AM → cantonese: upcoming | 🎥 4UY-QNc6p1Y
5/17/2026, 10:26:05 AM → english: live | 👀 24 | 🎥 WImXplVuZXY
5/17/2026, 10:26:05 AM → mandarin: live | 👀 4 | 🎥 6hZLFHM-YpA
Quota used so far: 636
----
5/17/2026, 10:28:05 AM → cantonese: upcoming | 🎥 4UY-QNc6p1Y
5/17/2026, 10:28:05 AM → english: live | 👀 26 | 🎥 WImXplVuZXY
5/17/2026, 10:28:05 AM → mandarin: live | 👀 4 | 🎥 6hZLFHM-YpA
Quota used so far: 639
----
5/17/2026, 10:30:05 AM → cantonese: upcoming | 🎥 4UY-QNc6p1Y
5/17/2026, 10:30:05 AM → english: live | 👀 24 | 🎥 WImXplVuZXY
5/17/2026, 10:30:05 AM → mandarin: live | 👀 4 | 🎥 6hZLFHM-YpA
Quota used so far: 642
----
5/17/2026, 10:32:05 AM → cantonese: upcoming | 🎥 4UY-QNc6p1Y
5/17/2026, 10:32:05 AM → english: live | 👀 25 | 🎥 WImXplVuZXY
5/17/2026, 10:32:05 AM → mandarin: live | 👀 4 | 🎥 6hZLFHM-YpA
Quota used so far: 645
----
5/17/2026, 10:34:05 AM → cantonese: upcoming | 🎥 4UY-QNc6p1Y
5/17/2026, 10:34:06 AM → english: live | 👀 24 | 🎥 WImXplVuZXY
5/17/2026, 10:34:06 AM → mandarin: live | 👀 4 | 🎥 6hZLFHM-YpA
Quota used so far: 648
----
5/17/2026, 10:36:05 AM → cantonese: upcoming | 🎥 4UY-QNc6p1Y
5/17/2026, 10:36:05 AM → english: live | 👀 24 | 🎥 WImXplVuZXY
🛑 mandarin stream just ended.
5/17/2026, 10:36:05 AM → mandarin: none
Quota used so far: 651
----
5/17/2026, 10:38:05 AM → cantonese: upcoming | 🎥 4UY-QNc6p1Y
🛑 english stream just ended.
5/17/2026, 10:38:05 AM → english: none
Quota used so far: 653
----
5/17/2026, 10:40:05 AM → cantonese: upcoming | 🎥 4UY-QNc6p1Y
Quota used so far: 654
----
5/17/2026, 10:42:05 AM → cantonese: upcoming | 🎥 4UY-QNc6p1Y
Quota used so far: 655
----
5/17/2026, 10:44:05 AM → cantonese: upcoming | 🎥 4UY-QNc6p1Y
Quota used so far: 656
----
5/17/2026, 10:46:05 AM → cantonese: upcoming | 🎥 4UY-QNc6p1Y
Quota used so far: 657
----
5/17/2026, 10:48:05 AM → cantonese: upcoming | 🎥 4UY-QNc6p1Y
Quota used so far: 658
----
5/17/2026, 10:50:05 AM → cantonese: upcoming | 🎥 4UY-QNc6p1Y
Quota used so far: 659
----
5/17/2026, 10:52:05 AM → cantonese: upcoming | 🎥 4UY-QNc6p1Y
Quota used so far: 660
----
5/17/2026, 10:54:06 AM → cantonese: upcoming | 🎥 4UY-QNc6p1Y
Quota used so far: 661
----
5/17/2026, 10:56:05 AM → cantonese: upcoming | 🎥 4UY-QNc6p1Y
Quota used so far: 662
----
5/17/2026, 10:58:05 AM → cantonese: live | 👀 6 | 🎥 4UY-QNc6p1Y
Quota used so far: 663
----
5/17/2026, 11:00:05 AM → cantonese: live | 👀 9 | 🎥 4UY-QNc6p1Y
Quota used so far: 664
----
5/17/2026, 11:02:05 AM → cantonese: live | 👀 9 | 🎥 4UY-QNc6p1Y
Quota used so far: 665
----
5/17/2026, 11:04:05 AM → cantonese: live | 👀 13 | 🎥 4UY-QNc6p1Y
Quota used so far: 666
----
5/17/2026, 11:06:06 AM → cantonese: live | 👀 14 | 🎥 4UY-QNc6p1Y
Quota used so far: 667
----
5/17/2026, 11:08:05 AM → cantonese: live | 👀 13 | 🎥 4UY-QNc6p1Y
Quota used so far: 668
----
5/17/2026, 11:10:05 AM → cantonese: live | 👀 14 | 🎥 4UY-QNc6p1Y
Quota used so far: 669
----
5/17/2026, 11:12:05 AM → cantonese: live | 👀 16 | 🎥 4UY-QNc6p1Y
Quota used so far: 670
----
5/17/2026, 11:14:05 AM → cantonese: live | 👀 18 | 🎥 4UY-QNc6p1Y
Quota used so far: 671
----
5/17/2026, 11:16:06 AM → cantonese: live | 👀 18 | 🎥 4UY-QNc6p1Y
Quota used so far: 672
----
5/17/2026, 11:18:05 AM → cantonese: live | 👀 19 | 🎥 4UY-QNc6p1Y
Quota used so far: 673
----
5/17/2026, 11:20:05 AM → cantonese: live | 👀 18 | 🎥 4UY-QNc6p1Y
Quota used so far: 674
----
5/17/2026, 11:22:05 AM → cantonese: live | 👀 17 | 🎥 4UY-QNc6p1Y
Quota used so far: 675
----
5/17/2026, 11:24:05 AM → cantonese: live | 👀 16 | 🎥 4UY-QNc6p1Y
Quota used so far: 676
----
5/17/2026, 11:26:05 AM → cantonese: live | 👀 17 | 🎥 4UY-QNc6p1Y
Quota used so far: 677
----
5/17/2026, 11:28:05 AM → cantonese: live | 👀 16 | 🎥 4UY-QNc6p1Y
Quota used so far: 678
----
5/17/2026, 11:30:05 AM → cantonese: live | 👀 18 | 🎥 4UY-QNc6p1Y
Quota used so far: 679
----
5/17/2026, 11:32:05 AM → cantonese: live | 👀 18 | 🎥 4UY-QNc6p1Y
Quota used so far: 680
----
5/17/2026, 11:34:05 AM → cantonese: live | 👀 18 | 🎥 4UY-QNc6p1Y
Quota used so far: 681
----
5/17/2026, 11:36:05 AM → cantonese: live | 👀 18 | 🎥 4UY-QNc6p1Y
Quota used so far: 682
----
5/17/2026, 11:38:05 AM → cantonese: live | 👀 19 | 🎥 4UY-QNc6p1Y
Quota used so far: 683
----
5/17/2026, 11:40:05 AM → cantonese: live | 👀 20 | 🎥 4UY-QNc6p1Y
Quota used so far: 684
----
5/17/2026, 11:42:05 AM → cantonese: live | 👀 19 | 🎥 4UY-QNc6p1Y
Quota used so far: 685
----
5/17/2026, 11:44:06 AM → cantonese: live | 👀 19 | 🎥 4UY-QNc6p1Y
Quota used so far: 686
----
5/17/2026, 11:46:05 AM → cantonese: live | 👀 20 | 🎥 4UY-QNc6p1Y
Quota used so far: 687
----
5/17/2026, 11:48:05 AM → cantonese: live | 👀 21 | 🎥 4UY-QNc6p1Y
Quota used so far: 688
----
5/17/2026, 11:50:05 AM → cantonese: live | 👀 21 | 🎥 4UY-QNc6p1Y
Quota used so far: 689
----
5/17/2026, 11:52:05 AM → cantonese: live | 👀 19 | 🎥 4UY-QNc6p1Y
Quota used so far: 690
----
5/17/2026, 11:54:05 AM → cantonese: live | 👀 19 | 🎥 4UY-QNc6p1Y
Quota used so far: 691
----
5/17/2026, 11:56:05 AM → cantonese: live | 👀 19 | 🎥 4UY-QNc6p1Y
Quota used so far: 692
----
5/17/2026, 11:58:05 AM → cantonese: live | 👀 18 | 🎥 4UY-QNc6p1Y
Quota used so far: 693
----
5/17/2026, 12:00:05 PM → cantonese: live | 👀 18 | 🎥 4UY-QNc6p1Y
Quota used so far: 694
----
5/17/2026, 12:02:06 PM → cantonese: live | 👀 18 | 🎥 4UY-QNc6p1Y
Quota used so far: 695
----
5/17/2026, 12:04:05 PM → cantonese: live | 👀 18 | 🎥 4UY-QNc6p1Y
Quota used so far: 696
----
5/17/2026, 12:06:05 PM → cantonese: live | 👀 19 | 🎥 4UY-QNc6p1Y
Quota used so far: 697
----
5/17/2026, 12:08:05 PM → cantonese: live | 👀 19 | 🎥 4UY-QNc6p1Y
Quota used so far: 698
----
5/17/2026, 12:10:05 PM → cantonese: live | 👀 19 | 🎥 4UY-QNc6p1Y
Quota used so far: 699
----
5/17/2026, 12:12:05 PM → cantonese: live | 👀 18 | 🎥 4UY-QNc6p1Y
Quota used so far: 700
----
5/17/2026, 12:14:06 PM → cantonese: live | 👀 18 | 🎥 4UY-QNc6p1Y
Quota used so far: 701
----
5/17/2026, 12:16:06 PM → cantonese: live | 👀 18 | 🎥 4UY-QNc6p1Y
Quota used so far: 702
----
5/17/2026, 12:18:05 PM → cantonese: live | 👀 17 | 🎥 4UY-QNc6p1Y
Quota used so far: 703
----
5/17/2026, 12:20:05 PM → cantonese: live | 👀 17 | 🎥 4UY-QNc6p1Y
Quota used so far: 704
----
🛑 cantonese stream just ended.
5/17/2026, 12:22:05 PM → cantonese: none
Quota used so far: 705
----
✅ All streams finished. Exiting bridge.
5/24/2026, 9:00:05 AM → cantonese: upcoming | 🎥 TSKR85jcoXs
🔒 Locked cantonese → TSKR85jcoXs
5/24/2026, 9:00:05 AM → english: upcoming | 🎥 Aroc6HZIIAk
🔒 Locked english → Aroc6HZIIAk
5/24/2026, 9:00:06 AM → mandarin: upcoming | 🎥 sm69FMZUtEE
🔒 Locked mandarin → sm69FMZUtEE
📦 Joint cache: []
🛑 All joint streams finished.
5/24/2026, 9:00:07 AM → joint: none
Quota used so far: 507
----
5/24/2026, 9:02:05 AM → cantonese: upcoming | 🎥 TSKR85jcoXs
5/24/2026, 9:02:05 AM → english: upcoming | 🎥 Aroc6HZIIAk
5/24/2026, 9:02:05 AM → mandarin: upcoming | 🎥 sm69FMZUtEE
Quota used so far: 510
----
5/24/2026, 9:04:05 AM → cantonese: upcoming | 🎥 TSKR85jcoXs
5/24/2026, 9:04:05 AM → english: upcoming | 🎥 Aroc6HZIIAk
5/24/2026, 9:04:05 AM → mandarin: upcoming | 🎥 sm69FMZUtEE
Quota used so far: 513
----
5/31/2026, 9:00:05 AM → cantonese: upcoming | 🎥 1Cy0VWCQqpQ
🔒 Locked cantonese → 1Cy0VWCQqpQ
5/31/2026, 9:00:05 AM → english: upcoming | 🎥 hk4shsNUYWc
🔒 Locked english → hk4shsNUYWc
5/31/2026, 9:00:06 AM → mandarin: upcoming | 🎥 69oXYyXqGFc
🔒 Locked mandarin → 69oXYyXqGFc
📦 Joint cache: []
🛑 All joint streams finished.
5/31/2026, 9:00:06 AM → joint: none
Quota used so far: 507
----
5/31/2026, 9:02:04 AM → cantonese: upcoming | 🎥 1Cy0VWCQqpQ
5/31/2026, 9:02:04 AM → english: upcoming | 🎥 hk4shsNUYWc
5/31/2026, 9:02:04 AM → mandarin: upcoming | 🎥 69oXYyXqGFc
Quota used so far: 510
----
5/31/2026, 9:04:04 AM → cantonese: upcoming | 🎥 1Cy0VWCQqpQ
5/31/2026, 9:04:04 AM → english: upcoming | 🎥 hk4shsNUYWc
5/31/2026, 9:04:04 AM → mandarin: upcoming | 🎥 69oXYyXqGFc
Quota used so far: 513
----
5/31/2026, 9:06:04 AM → cantonese: upcoming | 🎥 1Cy0VWCQqpQ
5/31/2026, 9:06:04 AM → english: upcoming | 🎥 hk4shsNUYWc
5/31/2026, 9:06:04 AM → mandarin: upcoming | 🎥 69oXYyXqGFc
Quota used so far: 516
----
5/31/2026, 9:08:04 AM → cantonese: upcoming | 🎥 1Cy0VWCQqpQ
5/31/2026, 9:08:04 AM → english: upcoming | 🎥 hk4shsNUYWc
5/31/2026, 9:08:04 AM → mandarin: upcoming | 🎥 69oXYyXqGFc
Quota used so far: 519
----
5/31/2026, 9:10:04 AM → cantonese: upcoming | 🎥 1Cy0VWCQqpQ
5/31/2026, 9:10:04 AM → english: live | 👀 2 | 🎥 hk4shsNUYWc
5/31/2026, 9:10:04 AM → mandarin: upcoming | 🎥 69oXYyXqGFc
Quota used so far: 522
----
5/31/2026, 9:12:04 AM → cantonese: upcoming | 🎥 1Cy0VWCQqpQ
5/31/2026, 9:12:04 AM → english: live | 👀 1 | 🎥 hk4shsNUYWc
5/31/2026, 9:12:04 AM → mandarin: upcoming | 🎥 69oXYyXqGFc
Quota used so far: 525
----
5/31/2026, 9:14:04 AM → cantonese: upcoming | 🎥 1Cy0VWCQqpQ
5/31/2026, 9:14:04 AM → english: live | 👀 1 | 🎥 hk4shsNUYWc
5/31/2026, 9:14:04 AM → mandarin: upcoming | 🎥 69oXYyXqGFc
Quota used so far: 528
----
5/31/2026, 9:16:04 AM → cantonese: upcoming | 🎥 1Cy0VWCQqpQ
5/31/2026, 9:16:04 AM → english: live | 👀 5 | 🎥 hk4shsNUYWc
5/31/2026, 9:16:04 AM → mandarin: live | 👀 8 | 🎥 69oXYyXqGFc
Quota used so far: 531
----
5/31/2026, 9:18:04 AM → cantonese: upcoming | 🎥 1Cy0VWCQqpQ
5/31/2026, 9:18:04 AM → english: live | 👀 8 | 🎥 hk4shsNUYWc
5/31/2026, 9:18:04 AM → mandarin: live | 👀 2 | 🎥 69oXYyXqGFc
Quota used so far: 534
----
5/31/2026, 9:20:04 AM → cantonese: upcoming | 🎥 1Cy0VWCQqpQ
5/31/2026, 9:20:04 AM → english: live | 👀 13 | 🎥 hk4shsNUYWc
5/31/2026, 9:20:04 AM → mandarin: live | 👀 2 | 🎥 69oXYyXqGFc
Quota used so far: 537
----
5/31/2026, 9:22:04 AM → cantonese: upcoming | 🎥 1Cy0VWCQqpQ
5/31/2026, 9:22:04 AM → english: live | 👀 13 | 🎥 hk4shsNUYWc
5/31/2026, 9:22:04 AM → mandarin: live | 👀 2 | 🎥 69oXYyXqGFc
Quota used so far: 540
----
5/31/2026, 9:24:04 AM → cantonese: upcoming | 🎥 1Cy0VWCQqpQ
5/31/2026, 9:24:04 AM → english: live | 👀 14 | 🎥 hk4shsNUYWc
5/31/2026, 9:24:05 AM → mandarin: live | 👀 2 | 🎥 69oXYyXqGFc
Quota used so far: 543
----
5/31/2026, 9:26:04 AM → cantonese: upcoming | 🎥 1Cy0VWCQqpQ
5/31/2026, 9:26:04 AM → english: live | 👀 16 | 🎥 hk4shsNUYWc
5/31/2026, 9:26:04 AM → mandarin: live | 👀 2 | 🎥 69oXYyXqGFc
Quota used so far: 546
----
5/31/2026, 9:28:04 AM → cantonese: upcoming | 🎥 1Cy0VWCQqpQ
5/31/2026, 9:28:04 AM → english: live | 👀 16 | 🎥 hk4shsNUYWc
5/31/2026, 9:28:04 AM → mandarin: live | 👀 2 | 🎥 69oXYyXqGFc
Quota used so far: 549
----
5/31/2026, 9:30:04 AM → cantonese: upcoming | 🎥 1Cy0VWCQqpQ
5/31/2026, 9:30:04 AM → english: live | 👀 16 | 🎥 hk4shsNUYWc
5/31/2026, 9:30:04 AM → mandarin: live | 👀 3 | 🎥 69oXYyXqGFc
Quota used so far: 552
----
5/31/2026, 9:32:04 AM → cantonese: upcoming | 🎥 1Cy0VWCQqpQ
5/31/2026, 9:32:04 AM → english: live | 👀 16 | 🎥 hk4shsNUYWc
5/31/2026, 9:32:04 AM → mandarin: live | 👀 3 | 🎥 69oXYyXqGFc
Quota used so far: 555
----
5/31/2026, 9:34:04 AM → cantonese: upcoming | 🎥 1Cy0VWCQqpQ
5/31/2026, 9:34:04 AM → english: live | 👀 16 | 🎥 hk4shsNUYWc
5/31/2026, 9:34:04 AM → mandarin: live | 👀 2 | 🎥 69oXYyXqGFc
Quota used so far: 558
----
5/31/2026, 9:36:04 AM → cantonese: upcoming | 🎥 1Cy0VWCQqpQ
5/31/2026, 9:36:04 AM → english: live | 👀 17 | 🎥 hk4shsNUYWc
5/31/2026, 9:36:04 AM → mandarin: live | 👀 2 | 🎥 69oXYyXqGFc
Quota used so far: 561
----
5/31/2026, 9:38:04 AM → cantonese: upcoming | 🎥 1Cy0VWCQqpQ
5/31/2026, 9:38:04 AM → english: live | 👀 17 | 🎥 hk4shsNUYWc
5/31/2026, 9:38:04 AM → mandarin: live | 👀 4 | 🎥 69oXYyXqGFc
Quota used so far: 564
----
5/31/2026, 9:40:04 AM → cantonese: upcoming | 🎥 1Cy0VWCQqpQ
5/31/2026, 9:40:04 AM → english: live | 👀 17 | 🎥 hk4shsNUYWc
5/31/2026, 9:40:04 AM → mandarin: live | 👀 5 | 🎥 69oXYyXqGFc
Quota used so far: 567
----
5/31/2026, 9:42:04 AM → cantonese: upcoming | 🎥 1Cy0VWCQqpQ
5/31/2026, 9:42:04 AM → english: live | 👀 17 | 🎥 hk4shsNUYWc
5/31/2026, 9:42:04 AM → mandarin: live | 👀 5 | 🎥 69oXYyXqGFc
Quota used so far: 570
----
5/31/2026, 9:44:04 AM → cantonese: upcoming | 🎥 1Cy0VWCQqpQ
5/31/2026, 9:44:04 AM → english: live | 👀 20 | 🎥 hk4shsNUYWc
5/31/2026, 9:44:04 AM → mandarin: live | 👀 5 | 🎥 69oXYyXqGFc
Quota used so far: 573
----
5/31/2026, 9:46:04 AM → cantonese: upcoming | 🎥 1Cy0VWCQqpQ
5/31/2026, 9:46:04 AM → english: live | 👀 20 | 🎥 hk4shsNUYWc
5/31/2026, 9:46:04 AM → mandarin: live | 👀 4 | 🎥 69oXYyXqGFc
Quota used so far: 576
----
5/31/2026, 9:48:04 AM → cantonese: upcoming | 🎥 1Cy0VWCQqpQ
5/31/2026, 9:48:04 AM → english: live | 👀 19 | 🎥 hk4shsNUYWc
5/31/2026, 9:48:04 AM → mandarin: live | 👀 5 | 🎥 69oXYyXqGFc
Quota used so far: 579
----
5/31/2026, 9:50:04 AM → cantonese: upcoming | 🎥 1Cy0VWCQqpQ
5/31/2026, 9:50:04 AM → english: live | 👀 17 | 🎥 hk4shsNUYWc
5/31/2026, 9:50:04 AM → mandarin: live | 👀 5 | 🎥 69oXYyXqGFc
Quota used so far: 582
----
5/31/2026, 9:52:04 AM → cantonese: upcoming | 🎥 1Cy0VWCQqpQ
5/31/2026, 9:52:04 AM → english: live | 👀 18 | 🎥 hk4shsNUYWc
5/31/2026, 9:52:04 AM → mandarin: live | 👀 5 | 🎥 69oXYyXqGFc
Quota used so far: 585
----
5/31/2026, 9:54:04 AM → cantonese: upcoming | 🎥 1Cy0VWCQqpQ
5/31/2026, 9:54:04 AM → english: live | 👀 19 | 🎥 hk4shsNUYWc
5/31/2026, 9:54:04 AM → mandarin: live | 👀 3 | 🎥 69oXYyXqGFc
Quota used so far: 588
----
5/31/2026, 9:56:04 AM → cantonese: upcoming | 🎥 1Cy0VWCQqpQ
5/31/2026, 9:56:05 AM → english: live | 👀 18 | 🎥 hk4shsNUYWc
5/31/2026, 9:56:05 AM → mandarin: live | 👀 3 | 🎥 69oXYyXqGFc
Quota used so far: 591
----
5/31/2026, 9:58:04 AM → cantonese: upcoming | 🎥 1Cy0VWCQqpQ
5/31/2026, 9:58:04 AM → english: live | 👀 19 | 🎥 hk4shsNUYWc
5/31/2026, 9:58:04 AM → mandarin: live | 👀 3 | 🎥 69oXYyXqGFc
Quota used so far: 594
----
5/31/2026, 10:00:04 AM → cantonese: upcoming | 🎥 1Cy0VWCQqpQ
5/31/2026, 10:00:04 AM → english: live | 👀 19 | 🎥 hk4shsNUYWc
5/31/2026, 10:00:04 AM → mandarin: live | 👀 3 | 🎥 69oXYyXqGFc
Quota used so far: 597
----
5/31/2026, 10:02:04 AM → cantonese: upcoming | 🎥 1Cy0VWCQqpQ
5/31/2026, 10:02:04 AM → english: live | 👀 19 | 🎥 hk4shsNUYWc
5/31/2026, 10:02:04 AM → mandarin: live | 👀 3 | 🎥 69oXYyXqGFc
Quota used so far: 600
----
5/31/2026, 10:04:04 AM → cantonese: upcoming | 🎥 1Cy0VWCQqpQ
5/31/2026, 10:04:04 AM → english: live | 👀 18 | 🎥 hk4shsNUYWc
5/31/2026, 10:04:04 AM → mandarin: live | 👀 3 | 🎥 69oXYyXqGFc
Quota used so far: 603
----
5/31/2026, 10:06:04 AM → cantonese: upcoming | 🎥 1Cy0VWCQqpQ
5/31/2026, 10:06:04 AM → english: live | 👀 18 | 🎥 hk4shsNUYWc
5/31/2026, 10:06:04 AM → mandarin: live | 👀 3 | 🎥 69oXYyXqGFc
Quota used so far: 606
----
5/31/2026, 10:08:04 AM → cantonese: upcoming | 🎥 1Cy0VWCQqpQ
5/31/2026, 10:08:04 AM → english: live | 👀 19 | 🎥 hk4shsNUYWc
5/31/2026, 10:08:04 AM → mandarin: live | 👀 3 | 🎥 69oXYyXqGFc
Quota used so far: 609
----
5/31/2026, 10:10:04 AM → cantonese: upcoming | 🎥 1Cy0VWCQqpQ
5/31/2026, 10:10:04 AM → english: live | 👀 19 | 🎥 hk4shsNUYWc
5/31/2026, 10:10:04 AM → mandarin: live | 👀 4 | 🎥 69oXYyXqGFc
Quota used so far: 612
----
5/31/2026, 10:12:04 AM → cantonese: upcoming | 🎥 1Cy0VWCQqpQ
5/31/2026, 10:12:04 AM → english: live | 👀 18 | 🎥 hk4shsNUYWc
5/31/2026, 10:12:04 AM → mandarin: live | 👀 4 | 🎥 69oXYyXqGFc
Quota used so far: 615
----
5/31/2026, 10:14:04 AM → cantonese: upcoming | 🎥 1Cy0VWCQqpQ
5/31/2026, 10:14:04 AM → english: live | 👀 16 | 🎥 hk4shsNUYWc
5/31/2026, 10:14:04 AM → mandarin: live | 👀 5 | 🎥 69oXYyXqGFc
Quota used so far: 618
----
5/31/2026, 10:16:04 AM → cantonese: upcoming | 🎥 1Cy0VWCQqpQ
5/31/2026, 10:16:04 AM → english: live | 👀 16 | 🎥 hk4shsNUYWc
5/31/2026, 10:16:04 AM → mandarin: live | 👀 5 | 🎥 69oXYyXqGFc
Quota used so far: 621
----
5/31/2026, 10:18:04 AM → cantonese: upcoming | 🎥 1Cy0VWCQqpQ
5/31/2026, 10:18:04 AM → english: live | 👀 17 | 🎥 hk4shsNUYWc
5/31/2026, 10:18:04 AM → mandarin: live | 👀 3 | 🎥 69oXYyXqGFc
Quota used so far: 624
----
5/31/2026, 10:20:04 AM → cantonese: upcoming | 🎥 1Cy0VWCQqpQ
5/31/2026, 10:20:04 AM → english: live | 👀 16 | 🎥 hk4shsNUYWc
5/31/2026, 10:20:04 AM → mandarin: live | 👀 4 | 🎥 69oXYyXqGFc
Quota used so far: 627
----
5/31/2026, 10:22:04 AM → cantonese: upcoming | 🎥 1Cy0VWCQqpQ
5/31/2026, 10:22:04 AM → english: live | 👀 17 | 🎥 hk4shsNUYWc
5/31/2026, 10:22:04 AM → mandarin: live | 👀 4 | 🎥 69oXYyXqGFc
Quota used so far: 630
----
5/31/2026, 10:24:04 AM → cantonese: upcoming | 🎥 1Cy0VWCQqpQ
5/31/2026, 10:24:04 AM → english: live | 👀 17 | 🎥 hk4shsNUYWc
5/31/2026, 10:24:04 AM → mandarin: live | 👀 4 | 🎥 69oXYyXqGFc
Quota used so far: 633
----
5/31/2026, 10:26:04 AM → cantonese: upcoming | 🎥 1Cy0VWCQqpQ
5/31/2026, 10:26:04 AM → english: live | 👀 16 | 🎥 hk4shsNUYWc
5/31/2026, 10:26:04 AM → mandarin: live | 👀 6 | 🎥 69oXYyXqGFc
Quota used so far: 636
----
5/31/2026, 10:28:04 AM → cantonese: upcoming | 🎥 1Cy0VWCQqpQ
5/31/2026, 10:28:04 AM → english: live | 👀 16 | 🎥 hk4shsNUYWc
5/31/2026, 10:28:04 AM → mandarin: live | 👀 5 | 🎥 69oXYyXqGFc
Quota used so far: 639
----
5/31/2026, 10:30:04 AM → cantonese: upcoming | 🎥 1Cy0VWCQqpQ
🛑 english stream just ended.
5/31/2026, 10:30:04 AM → english: none
5/31/2026, 10:30:04 AM → mandarin: live | 👀 5 | 🎥 69oXYyXqGFc
Quota used so far: 642
----
5/31/2026, 10:32:04 AM → cantonese: upcoming | 🎥 1Cy0VWCQqpQ
5/31/2026, 10:32:04 AM → mandarin: live | 👀 6 | 🎥 69oXYyXqGFc
Quota used so far: 644
----
5/31/2026, 10:34:04 AM → cantonese: upcoming | 🎥 1Cy0VWCQqpQ
5/31/2026, 10:34:04 AM → mandarin: live | 👀 6 | 🎥 69oXYyXqGFc
Quota used so far: 646
----
5/31/2026, 10:36:04 AM → cantonese: upcoming | 🎥 1Cy0VWCQqpQ
5/31/2026, 10:36:04 AM → mandarin: live | 👀 6 | 🎥 69oXYyXqGFc
Quota used so far: 648
----
5/31/2026, 10:38:04 AM → cantonese: upcoming | 🎥 1Cy0VWCQqpQ
🛑 mandarin stream just ended.
5/31/2026, 10:38:04 AM → mandarin: none
Quota used so far: 650
----
5/31/2026, 10:40:04 AM → cantonese: upcoming | 🎥 1Cy0VWCQqpQ
Quota used so far: 651
----
5/31/2026, 10:42:04 AM → cantonese: upcoming | 🎥 1Cy0VWCQqpQ
Quota used so far: 652
----
5/31/2026, 10:44:04 AM → cantonese: upcoming | 🎥 1Cy0VWCQqpQ
Quota used so far: 653
----
5/31/2026, 10:46:04 AM → cantonese: upcoming | 🎥 1Cy0VWCQqpQ
Quota used so far: 654
----
5/31/2026, 10:48:04 AM → cantonese: upcoming | 🎥 1Cy0VWCQqpQ
Quota used so far: 655
----
5/31/2026, 10:50:04 AM → cantonese: upcoming | 🎥 1Cy0VWCQqpQ
Quota used so far: 656
----
5/31/2026, 10:52:04 AM → cantonese: upcoming | 🎥 1Cy0VWCQqpQ
Quota used so far: 657
----
5/31/2026, 10:54:04 AM → cantonese: upcoming | 🎥 1Cy0VWCQqpQ
Quota used so far: 658
----
5/31/2026, 10:56:04 AM → cantonese: upcoming | 🎥 1Cy0VWCQqpQ
Quota used so far: 659
----
5/31/2026, 10:58:05 AM → cantonese: live | 👀 9 | 🎥 1Cy0VWCQqpQ
Quota used so far: 660
----
5/31/2026, 11:00:04 AM → cantonese: live | 👀 5 | 🎥 1Cy0VWCQqpQ
Quota used so far: 661
----
5/31/2026, 11:02:05 AM → cantonese: live | 👀 9 | 🎥 1Cy0VWCQqpQ
Quota used so far: 662
----
5/31/2026, 11:04:04 AM → cantonese: live | 👀 12 | 🎥 1Cy0VWCQqpQ
Quota used so far: 663
----
5/31/2026, 11:06:04 AM → cantonese: live | 👀 13 | 🎥 1Cy0VWCQqpQ
Quota used so far: 664
----
5/31/2026, 11:08:04 AM → cantonese: live | 👀 14 | 🎥 1Cy0VWCQqpQ
Quota used so far: 665
----
5/31/2026, 11:10:04 AM → cantonese: live | 👀 14 | 🎥 1Cy0VWCQqpQ
Quota used so far: 666
----
5/31/2026, 11:12:04 AM → cantonese: live | 👀 16 | 🎥 1Cy0VWCQqpQ
Quota used so far: 667
----
5/31/2026, 11:14:04 AM → cantonese: live | 👀 15 | 🎥 1Cy0VWCQqpQ
Quota used so far: 668
----
5/31/2026, 11:16:04 AM → cantonese: live | 👀 16 | 🎥 1Cy0VWCQqpQ
Quota used so far: 669
----
5/31/2026, 11:18:04 AM → cantonese: live | 👀 18 | 🎥 1Cy0VWCQqpQ
Quota used so far: 670
----
5/31/2026, 11:20:04 AM → cantonese: live | 👀 20 | 🎥 1Cy0VWCQqpQ
Quota used so far: 671
----
5/31/2026, 11:22:04 AM → cantonese: live | 👀 17 | 🎥 1Cy0VWCQqpQ
Quota used so far: 672
----
5/31/2026, 11:24:04 AM → cantonese: live | 👀 17 | 🎥 1Cy0VWCQqpQ
Quota used so far: 673
----
5/31/2026, 11:26:04 AM → cantonese: live | 👀 20 | 🎥 1Cy0VWCQqpQ
Quota used so far: 674
----
5/31/2026, 11:28:04 AM → cantonese: live | 👀 20 | 🎥 1Cy0VWCQqpQ
Quota used so far: 675
----
5/31/2026, 11:30:04 AM → cantonese: live | 👀 22 | 🎥 1Cy0VWCQqpQ
Quota used so far: 676
----
5/31/2026, 11:32:04 AM → cantonese: live | 👀 21 | 🎥 1Cy0VWCQqpQ
Quota used so far: 677
----
5/31/2026, 11:34:04 AM → cantonese: live | 👀 22 | 🎥 1Cy0VWCQqpQ
Quota used so far: 678
----
5/31/2026, 11:36:04 AM → cantonese: live | 👀 22 | 🎥 1Cy0VWCQqpQ
Quota used so far: 679
----
5/31/2026, 11:38:04 AM → cantonese: live | 👀 21 | 🎥 1Cy0VWCQqpQ
Quota used so far: 680
----
5/31/2026, 11:40:04 AM → cantonese: live | 👀 19 | 🎥 1Cy0VWCQqpQ
Quota used so far: 681
----
5/31/2026, 11:42:04 AM → cantonese: live | 👀 21 | 🎥 1Cy0VWCQqpQ
Quota used so far: 682
----
5/31/2026, 11:44:04 AM → cantonese: live | 👀 22 | 🎥 1Cy0VWCQqpQ
Quota used so far: 683
----
5/31/2026, 11:46:04 AM → cantonese: live | 👀 22 | 🎥 1Cy0VWCQqpQ
Quota used so far: 684
----
5/31/2026, 11:48:05 AM → cantonese: live | 👀 22 | 🎥 1Cy0VWCQqpQ
Quota used so far: 685
----
5/31/2026, 11:50:04 AM → cantonese: live | 👀 23 | 🎥 1Cy0VWCQqpQ
Quota used so far: 686
----
5/31/2026, 11:52:05 AM → cantonese: live | 👀 22 | 🎥 1Cy0VWCQqpQ
Quota used so far: 687
----
5/31/2026, 11:54:04 AM → cantonese: live | 👀 22 | 🎥 1Cy0VWCQqpQ
Quota used so far: 688
----
5/31/2026, 11:56:04 AM → cantonese: live | 👀 22 | 🎥 1Cy0VWCQqpQ
Quota used so far: 689
----
5/31/2026, 11:58:04 AM → cantonese: live | 👀 22 | 🎥 1Cy0VWCQqpQ
Quota used so far: 690
----
5/31/2026, 12:00:04 PM → cantonese: live | 👀 21 | 🎥 1Cy0VWCQqpQ
Quota used so far: 691
----
5/31/2026, 12:02:04 PM → cantonese: live | 👀 19 | 🎥 1Cy0VWCQqpQ
Quota used so far: 692
----
5/31/2026, 12:04:04 PM → cantonese: live | 👀 18 | 🎥 1Cy0VWCQqpQ
Quota used so far: 693
----
5/31/2026, 12:06:04 PM → cantonese: live | 👀 16 | 🎥 1Cy0VWCQqpQ
Quota used so far: 694
----
5/31/2026, 12:08:04 PM → cantonese: live | 👀 17 | 🎥 1Cy0VWCQqpQ
Quota used so far: 695
----
5/31/2026, 12:10:04 PM → cantonese: live | 👀 17 | 🎥 1Cy0VWCQqpQ
Quota used so far: 696
----
5/31/2026, 12:12:04 PM → cantonese: live | 👀 18 | 🎥 1Cy0VWCQqpQ
Quota used so far: 697
----
5/31/2026, 12:14:04 PM → cantonese: live | 👀 13 | 🎥 1Cy0VWCQqpQ
Quota used so far: 698
----
🛑 cantonese stream just ended.
5/31/2026, 12:16:04 PM → cantonese: none
Quota used so far: 699
----
✅ All streams finished. Exiting bridge.
6/7/2026, 9:00:05 AM → cantonese: upcoming | 🎥 cPUOOs1mk6Y
🔒 Locked cantonese → cPUOOs1mk6Y
6/7/2026, 9:00:06 AM → english: upcoming | 🎥 WMHXCsV8_T0
🔒 Locked english → WMHXCsV8_T0
6/7/2026, 9:00:07 AM → mandarin: upcoming | 🎥 L3SpQdHbYqg
🔒 Locked mandarin → L3SpQdHbYqg
📦 Joint cache: []
🛑 All joint streams finished.
6/7/2026, 9:00:07 AM → joint: none
Quota used so far: 507
----
6/7/2026, 9:02:05 AM → cantonese: upcoming | 🎥 cPUOOs1mk6Y
6/7/2026, 9:02:05 AM → english: upcoming | 🎥 WMHXCsV8_T0
6/7/2026, 9:02:05 AM → mandarin: upcoming | 🎥 L3SpQdHbYqg
Quota used so far: 510
----
6/7/2026, 9:04:05 AM → cantonese: upcoming | 🎥 cPUOOs1mk6Y
6/7/2026, 9:04:05 AM → english: upcoming | 🎥 WMHXCsV8_T0
6/7/2026, 9:04:05 AM → mandarin: upcoming | 🎥 L3SpQdHbYqg
Quota used so far: 513
----
6/7/2026, 9:06:05 AM → cantonese: upcoming | 🎥 cPUOOs1mk6Y
6/7/2026, 9:06:05 AM → english: upcoming | 🎥 WMHXCsV8_T0
6/7/2026, 9:06:06 AM → mandarin: upcoming | 🎥 L3SpQdHbYqg
Quota used so far: 516
----
6/7/2026, 9:08:05 AM → cantonese: upcoming | 🎥 cPUOOs1mk6Y
6/7/2026, 9:08:05 AM → english: live | 👀 4 | 🎥 WMHXCsV8_T0
6/7/2026, 9:08:05 AM → mandarin: upcoming | 🎥 L3SpQdHbYqg
Quota used so far: 519
----
6/7/2026, 9:10:05 AM → cantonese: upcoming | 🎥 cPUOOs1mk6Y
6/7/2026, 9:10:05 AM → english: live | 👀 2 | 🎥 WMHXCsV8_T0
6/7/2026, 9:10:05 AM → mandarin: upcoming | 🎥 L3SpQdHbYqg
Quota used so far: 522
----
6/7/2026, 9:12:05 AM → cantonese: upcoming | 🎥 cPUOOs1mk6Y
6/7/2026, 9:12:05 AM → english: live | 👀 3 | 🎥 WMHXCsV8_T0
6/7/2026, 9:12:05 AM → mandarin: live | 👀 3 | 🎥 L3SpQdHbYqg
Quota used so far: 525
----
6/7/2026, 9:14:05 AM → cantonese: upcoming | 🎥 cPUOOs1mk6Y
6/7/2026, 9:14:05 AM → english: live | 👀 3 | 🎥 WMHXCsV8_T0
6/7/2026, 9:14:05 AM → mandarin: live | 👀 3 | 🎥 L3SpQdHbYqg
Quota used so far: 528
----
6/7/2026, 9:16:05 AM → cantonese: upcoming | 🎥 cPUOOs1mk6Y
6/7/2026, 9:16:05 AM → english: live | 👀 3 | 🎥 WMHXCsV8_T0
6/7/2026, 9:16:05 AM → mandarin: live | 👀 3 | 🎥 L3SpQdHbYqg
Quota used so far: 531
----
6/7/2026, 9:18:05 AM → cantonese: upcoming | 🎥 cPUOOs1mk6Y
6/7/2026, 9:18:05 AM → english: live | 👀 6 | 🎥 WMHXCsV8_T0
6/7/2026, 9:18:05 AM → mandarin: live | 👀 2 | 🎥 L3SpQdHbYqg
Quota used so far: 534
----
6/7/2026, 9:20:05 AM → cantonese: upcoming | 🎥 cPUOOs1mk6Y
6/7/2026, 9:20:05 AM → english: live | 👀 6 | 🎥 WMHXCsV8_T0
6/7/2026, 9:20:05 AM → mandarin: live | 👀 3 | 🎥 L3SpQdHbYqg
Quota used so far: 537
----
6/7/2026, 9:22:05 AM → cantonese: upcoming | 🎥 cPUOOs1mk6Y
6/7/2026, 9:22:05 AM → english: live | 👀 8 | 🎥 WMHXCsV8_T0
6/7/2026, 9:22:05 AM → mandarin: live | 👀 5 | 🎥 L3SpQdHbYqg
Quota used so far: 540
----
6/7/2026, 9:24:05 AM → cantonese: upcoming | 🎥 cPUOOs1mk6Y
6/7/2026, 9:24:05 AM → english: live | 👀 8 | 🎥 WMHXCsV8_T0
6/7/2026, 9:24:05 AM → mandarin: live | 👀 4 | 🎥 L3SpQdHbYqg
Quota used so far: 543
----
6/7/2026, 9:26:05 AM → cantonese: upcoming | 🎥 cPUOOs1mk6Y
6/7/2026, 9:26:05 AM → english: live | 👀 7 | 🎥 WMHXCsV8_T0
6/7/2026, 9:26:05 AM → mandarin: live | 👀 3 | 🎥 L3SpQdHbYqg
Quota used so far: 546
----
6/7/2026, 9:28:05 AM → cantonese: upcoming | 🎥 cPUOOs1mk6Y
6/7/2026, 9:28:05 AM → english: live | 👀 7 | 🎥 WMHXCsV8_T0
6/7/2026, 9:28:05 AM → mandarin: live | 👀 3 | 🎥 L3SpQdHbYqg
Quota used so far: 549
----
6/7/2026, 9:30:05 AM → cantonese: upcoming | 🎥 cPUOOs1mk6Y
6/7/2026, 9:30:05 AM → english: live | 👀 10 | 🎥 WMHXCsV8_T0
6/7/2026, 9:30:05 AM → mandarin: live | 👀 5 | 🎥 L3SpQdHbYqg
Quota used so far: 552
----
6/7/2026, 9:32:05 AM → cantonese: upcoming | 🎥 cPUOOs1mk6Y
6/7/2026, 9:32:05 AM → english: live | 👀 10 | 🎥 WMHXCsV8_T0
6/7/2026, 9:32:05 AM → mandarin: live | 👀 5 | 🎥 L3SpQdHbYqg
Quota used so far: 555
----
6/7/2026, 9:34:05 AM → cantonese: upcoming | 🎥 cPUOOs1mk6Y
6/7/2026, 9:34:05 AM → english: live | 👀 9 | 🎥 WMHXCsV8_T0
6/7/2026, 9:34:05 AM → mandarin: live | 👀 5 | 🎥 L3SpQdHbYqg
Quota used so far: 558
----
6/7/2026, 9:36:05 AM → cantonese: upcoming | 🎥 cPUOOs1mk6Y
6/7/2026, 9:36:05 AM → english: live | 👀 12 | 🎥 WMHXCsV8_T0
6/7/2026, 9:36:05 AM → mandarin: live | 👀 7 | 🎥 L3SpQdHbYqg
Quota used so far: 561
----
6/7/2026, 9:38:05 AM → cantonese: upcoming | 🎥 cPUOOs1mk6Y
6/7/2026, 9:38:05 AM → english: live | 👀 12 | 🎥 WMHXCsV8_T0
6/7/2026, 9:38:05 AM → mandarin: live | 👀 7 | 🎥 L3SpQdHbYqg
Quota used so far: 564
----
6/7/2026, 9:40:05 AM → cantonese: upcoming | 🎥 cPUOOs1mk6Y
6/7/2026, 9:40:05 AM → english: live | 👀 12 | 🎥 WMHXCsV8_T0
6/7/2026, 9:40:05 AM → mandarin: live | 👀 7 | 🎥 L3SpQdHbYqg
Quota used so far: 567
----
6/7/2026, 9:42:05 AM → cantonese: upcoming | 🎥 cPUOOs1mk6Y
6/7/2026, 9:42:05 AM → english: live | 👀 11 | 🎥 WMHXCsV8_T0
6/7/2026, 9:42:05 AM → mandarin: live | 👀 6 | 🎥 L3SpQdHbYqg
Quota used so far: 570
----
6/7/2026, 9:44:05 AM → cantonese: upcoming | 🎥 cPUOOs1mk6Y
6/7/2026, 9:44:05 AM → english: live | 👀 10 | 🎥 WMHXCsV8_T0
6/7/2026, 9:44:05 AM → mandarin: live | 👀 6 | 🎥 L3SpQdHbYqg
Quota used so far: 573
----
6/7/2026, 9:46:05 AM → cantonese: upcoming | 🎥 cPUOOs1mk6Y
6/7/2026, 9:46:05 AM → english: live | 👀 10 | 🎥 WMHXCsV8_T0
6/7/2026, 9:46:05 AM → mandarin: live | 👀 6 | 🎥 L3SpQdHbYqg
Quota used so far: 576
----
6/7/2026, 9:48:05 AM → cantonese: upcoming | 🎥 cPUOOs1mk6Y
6/7/2026, 9:48:05 AM → english: live | 👀 10 | 🎥 WMHXCsV8_T0
6/7/2026, 9:48:05 AM → mandarin: live | 👀 5 | 🎥 L3SpQdHbYqg
Quota used so far: 579
----
6/7/2026, 9:50:05 AM → cantonese: upcoming | 🎥 cPUOOs1mk6Y
6/7/2026, 9:50:05 AM → english: live | 👀 11 | 🎥 WMHXCsV8_T0
6/7/2026, 9:50:05 AM → mandarin: live | 👀 3 | 🎥 L3SpQdHbYqg
Quota used so far: 582
----
6/7/2026, 9:52:05 AM → cantonese: upcoming | 🎥 cPUOOs1mk6Y
6/7/2026, 9:52:05 AM → english: live | 👀 9 | 🎥 WMHXCsV8_T0
6/7/2026, 9:52:05 AM → mandarin: live | 👀 3 | 🎥 L3SpQdHbYqg
Quota used so far: 585
----
6/7/2026, 9:54:05 AM → cantonese: upcoming | 🎥 cPUOOs1mk6Y
6/7/2026, 9:54:05 AM → english: live | 👀 10 | 🎥 WMHXCsV8_T0
6/7/2026, 9:54:05 AM → mandarin: live | 👀 5 | 🎥 L3SpQdHbYqg
Quota used so far: 588
----
6/7/2026, 9:56:05 AM → cantonese: upcoming | 🎥 cPUOOs1mk6Y
6/7/2026, 9:56:05 AM → english: live | 👀 10 | 🎥 WMHXCsV8_T0
6/7/2026, 9:56:05 AM → mandarin: live | 👀 5 | 🎥 L3SpQdHbYqg
Quota used so far: 591
----
6/7/2026, 9:58:05 AM → cantonese: upcoming | 🎥 cPUOOs1mk6Y
6/7/2026, 9:58:05 AM → english: live | 👀 10 | 🎥 WMHXCsV8_T0
6/7/2026, 9:58:05 AM → mandarin: live | 👀 5 | 🎥 L3SpQdHbYqg
Quota used so far: 594
----
6/7/2026, 10:00:05 AM → cantonese: upcoming | 🎥 cPUOOs1mk6Y
6/7/2026, 10:00:05 AM → english: live | 👀 10 | 🎥 WMHXCsV8_T0
6/7/2026, 10:00:05 AM → mandarin: live | 👀 3 | 🎥 L3SpQdHbYqg
Quota used so far: 597
----
6/7/2026, 10:02:05 AM → cantonese: upcoming | 🎥 cPUOOs1mk6Y
6/7/2026, 10:02:05 AM → english: live | 👀 11 | 🎥 WMHXCsV8_T0
6/7/2026, 10:02:05 AM → mandarin: live | 👀 4 | 🎥 L3SpQdHbYqg
Quota used so far: 600
----
6/7/2026, 10:04:05 AM → cantonese: upcoming | 🎥 cPUOOs1mk6Y
6/7/2026, 10:04:05 AM → english: live | 👀 9 | 🎥 WMHXCsV8_T0
6/7/2026, 10:04:05 AM → mandarin: live | 👀 5 | 🎥 L3SpQdHbYqg
Quota used so far: 603
----
6/7/2026, 10:06:05 AM → cantonese: upcoming | 🎥 cPUOOs1mk6Y
6/7/2026, 10:06:05 AM → english: live | 👀 8 | 🎥 WMHXCsV8_T0
6/7/2026, 10:06:05 AM → mandarin: live | 👀 5 | 🎥 L3SpQdHbYqg
Quota used so far: 606
----
6/7/2026, 10:08:05 AM → cantonese: upcoming | 🎥 cPUOOs1mk6Y
6/7/2026, 10:08:05 AM → english: live | 👀 10 | 🎥 WMHXCsV8_T0
6/7/2026, 10:08:05 AM → mandarin: live | 👀 6 | 🎥 L3SpQdHbYqg
Quota used so far: 609
----
6/7/2026, 10:10:05 AM → cantonese: upcoming | 🎥 cPUOOs1mk6Y
6/7/2026, 10:10:05 AM → english: live | 👀 11 | 🎥 WMHXCsV8_T0
6/7/2026, 10:10:05 AM → mandarin: live | 👀 5 | 🎥 L3SpQdHbYqg
Quota used so far: 612
----
6/7/2026, 10:12:05 AM → cantonese: upcoming | 🎥 cPUOOs1mk6Y
6/7/2026, 10:12:05 AM → english: live | 👀 9 | 🎥 WMHXCsV8_T0
6/7/2026, 10:12:05 AM → mandarin: live | 👀 6 | 🎥 L3SpQdHbYqg
Quota used so far: 615
----
6/7/2026, 10:14:05 AM → cantonese: upcoming | 🎥 cPUOOs1mk6Y
6/7/2026, 10:14:05 AM → english: live | 👀 10 | 🎥 WMHXCsV8_T0
6/7/2026, 10:14:05 AM → mandarin: live | 👀 5 | 🎥 L3SpQdHbYqg
Quota used so far: 618
----
6/7/2026, 10:16:05 AM → cantonese: upcoming | 🎥 cPUOOs1mk6Y
6/7/2026, 10:16:05 AM → english: live | 👀 9 | 🎥 WMHXCsV8_T0
6/7/2026, 10:16:05 AM → mandarin: live | 👀 4 | 🎥 L3SpQdHbYqg
Quota used so far: 621
----
6/7/2026, 10:18:05 AM → cantonese: upcoming | 🎥 cPUOOs1mk6Y
6/7/2026, 10:18:05 AM → english: live | 👀 9 | 🎥 WMHXCsV8_T0
6/7/2026, 10:18:05 AM → mandarin: live | 👀 5 | 🎥 L3SpQdHbYqg
Quota used so far: 624
----
6/7/2026, 10:20:05 AM → cantonese: upcoming | 🎥 cPUOOs1mk6Y
6/7/2026, 10:20:05 AM → english: live | 👀 10 | 🎥 WMHXCsV8_T0
6/7/2026, 10:20:05 AM → mandarin: live | 👀 7 | 🎥 L3SpQdHbYqg
Quota used so far: 627
----
6/7/2026, 10:22:05 AM → cantonese: upcoming | 🎥 cPUOOs1mk6Y
6/7/2026, 10:22:05 AM → english: live | 👀 9 | 🎥 WMHXCsV8_T0
6/7/2026, 10:22:05 AM → mandarin: live | 👀 4 | 🎥 L3SpQdHbYqg
Quota used so far: 630
----
6/7/2026, 10:24:05 AM → cantonese: upcoming | 🎥 cPUOOs1mk6Y
6/7/2026, 10:24:05 AM → english: live | 👀 9 | 🎥 WMHXCsV8_T0
6/7/2026, 10:24:05 AM → mandarin: live | 👀 5 | 🎥 L3SpQdHbYqg
Quota used so far: 633
----
6/7/2026, 10:26:05 AM → cantonese: upcoming | 🎥 cPUOOs1mk6Y
6/7/2026, 10:26:05 AM → english: live | 👀 10 | 🎥 WMHXCsV8_T0
6/7/2026, 10:26:05 AM → mandarin: live | 👀 5 | 🎥 L3SpQdHbYqg
Quota used so far: 636
----
6/7/2026, 10:28:05 AM → cantonese: upcoming | 🎥 cPUOOs1mk6Y
6/7/2026, 10:28:05 AM → english: live | 👀 10 | 🎥 WMHXCsV8_T0
6/7/2026, 10:28:05 AM → mandarin: live | 👀 5 | 🎥 L3SpQdHbYqg
Quota used so far: 639
----
6/7/2026, 10:30:05 AM → cantonese: upcoming | 🎥 cPUOOs1mk6Y
6/7/2026, 10:30:05 AM → english: live | 👀 10 | 🎥 WMHXCsV8_T0
6/7/2026, 10:30:05 AM → mandarin: live | 👀 4 | 🎥 L3SpQdHbYqg
Quota used so far: 642
----
6/7/2026, 10:32:05 AM → cantonese: upcoming | 🎥 cPUOOs1mk6Y
6/7/2026, 10:32:05 AM → english: live | 👀 10 | 🎥 WMHXCsV8_T0
6/7/2026, 10:32:05 AM → mandarin: live | 👀 4 | 🎥 L3SpQdHbYqg
Quota used so far: 645
----
6/7/2026, 10:34:05 AM → cantonese: upcoming | 🎥 cPUOOs1mk6Y
6/7/2026, 10:34:05 AM → english: live | 👀 10 | 🎥 WMHXCsV8_T0
6/7/2026, 10:34:05 AM → mandarin: live | 👀 4 | 🎥 L3SpQdHbYqg
Quota used so far: 648
----
6/7/2026, 10:36:05 AM → cantonese: upcoming | 🎥 cPUOOs1mk6Y
🛑 english stream just ended.
6/7/2026, 10:36:05 AM → english: none
🛑 mandarin stream just ended.
6/7/2026, 10:36:05 AM → mandarin: none
Quota used so far: 651
----
6/7/2026, 10:38:05 AM → cantonese: upcoming | 🎥 cPUOOs1mk6Y
Quota used so far: 652
----
6/7/2026, 10:40:05 AM → cantonese: upcoming | 🎥 cPUOOs1mk6Y
Quota used so far: 653
----
6/7/2026, 10:42:05 AM → cantonese: upcoming | 🎥 cPUOOs1mk6Y
Quota used so far: 654
----
6/7/2026, 10:44:05 AM → cantonese: upcoming | 🎥 cPUOOs1mk6Y
Quota used so far: 655
----
6/7/2026, 10:46:05 AM → cantonese: upcoming | 🎥 cPUOOs1mk6Y
Quota used so far: 656
----
6/7/2026, 10:48:05 AM → cantonese: upcoming | 🎥 cPUOOs1mk6Y
Quota used so far: 657
----
6/7/2026, 10:50:05 AM → cantonese: upcoming | 🎥 cPUOOs1mk6Y
Quota used so far: 658
----
6/7/2026, 10:52:05 AM → cantonese: upcoming | 🎥 cPUOOs1mk6Y
Quota used so far: 659
----
6/7/2026, 10:54:05 AM → cantonese: upcoming | 🎥 cPUOOs1mk6Y
Quota used so far: 660
----
6/7/2026, 10:56:05 AM → cantonese: upcoming | 🎥 cPUOOs1mk6Y
Quota used so far: 661
----
6/7/2026, 10:58:05 AM → cantonese: upcoming | 🎥 cPUOOs1mk6Y
Quota used so far: 662
----
6/7/2026, 11:00:05 AM → cantonese: live | 👀 4 | 🎥 cPUOOs1mk6Y
Quota used so far: 663
----
6/7/2026, 11:02:05 AM → cantonese: live | 👀 9 | 🎥 cPUOOs1mk6Y
Quota used so far: 664
----
6/7/2026, 11:04:05 AM → cantonese: live | 👀 8 | 🎥 cPUOOs1mk6Y
Quota used so far: 665
----
6/7/2026, 11:06:05 AM → cantonese: live | 👀 8 | 🎥 cPUOOs1mk6Y
Quota used so far: 666
----
6/7/2026, 11:08:05 AM → cantonese: live | 👀 8 | 🎥 cPUOOs1mk6Y
Quota used so far: 667
----
6/7/2026, 11:10:05 AM → cantonese: live | 👀 11 | 🎥 cPUOOs1mk6Y
Quota used so far: 668
----
6/7/2026, 11:12:05 AM → cantonese: live | 👀 12 | 🎥 cPUOOs1mk6Y
Quota used so far: 669
----
6/7/2026, 11:14:05 AM → cantonese: live | 👀 12 | 🎥 cPUOOs1mk6Y
Quota used so far: 670
----
6/7/2026, 11:16:05 AM → cantonese: live | 👀 14 | 🎥 cPUOOs1mk6Y
Quota used so far: 671
----
6/7/2026, 11:18:05 AM → cantonese: live | 👀 14 | 🎥 cPUOOs1mk6Y
Quota used so far: 672
----
6/7/2026, 11:20:05 AM → cantonese: live | 👀 15 | 🎥 cPUOOs1mk6Y
Quota used so far: 673
----
6/7/2026, 11:22:05 AM → cantonese: live | 👀 14 | 🎥 cPUOOs1mk6Y
Quota used so far: 674
----
6/7/2026, 11:24:05 AM → cantonese: live | 👀 14 | 🎥 cPUOOs1mk6Y
Quota used so far: 675
----
6/7/2026, 11:26:05 AM → cantonese: live | 👀 14 | 🎥 cPUOOs1mk6Y
Quota used so far: 676
----
6/7/2026, 11:28:05 AM → cantonese: live | 👀 13 | 🎥 cPUOOs1mk6Y
Quota used so far: 677
----
6/7/2026, 11:30:05 AM → cantonese: live | 👀 13 | 🎥 cPUOOs1mk6Y
Quota used so far: 678
----
6/7/2026, 11:32:05 AM → cantonese: live | 👀 13 | 🎥 cPUOOs1mk6Y
Quota used so far: 679
----
6/7/2026, 11:34:05 AM → cantonese: live | 👀 13 | 🎥 cPUOOs1mk6Y
Quota used so far: 680
----
6/7/2026, 11:36:05 AM → cantonese: live | 👀 13 | 🎥 cPUOOs1mk6Y
Quota used so far: 681
----
6/7/2026, 11:38:05 AM → cantonese: live | 👀 12 | 🎥 cPUOOs1mk6Y
Quota used so far: 682
----
6/7/2026, 11:40:05 AM → cantonese: live | 👀 13 | 🎥 cPUOOs1mk6Y
Quota used so far: 683
----
6/7/2026, 11:42:05 AM → cantonese: live | 👀 15 | 🎥 cPUOOs1mk6Y
Quota used so far: 684
----
6/7/2026, 11:44:05 AM → cantonese: live | 👀 14 | 🎥 cPUOOs1mk6Y
Quota used so far: 685
----
6/7/2026, 11:46:05 AM → cantonese: live | 👀 14 | 🎥 cPUOOs1mk6Y
Quota used so far: 686
----
6/7/2026, 11:48:05 AM → cantonese: live | 👀 15 | 🎥 cPUOOs1mk6Y
Quota used so far: 687
----
6/7/2026, 11:50:05 AM → cantonese: live | 👀 16 | 🎥 cPUOOs1mk6Y
Quota used so far: 688
----
6/7/2026, 11:52:05 AM → cantonese: live | 👀 15 | 🎥 cPUOOs1mk6Y
Quota used so far: 689
----
6/7/2026, 11:54:05 AM → cantonese: live | 👀 16 | 🎥 cPUOOs1mk6Y
Quota used so far: 690
----
6/7/2026, 11:56:05 AM → cantonese: live | 👀 15 | 🎥 cPUOOs1mk6Y
Quota used so far: 691
----
6/7/2026, 11:58:05 AM → cantonese: live | 👀 15 | 🎥 cPUOOs1mk6Y
Quota used so far: 692
----
6/7/2026, 12:00:05 PM → cantonese: live | 👀 16 | 🎥 cPUOOs1mk6Y
Quota used so far: 693
----
6/7/2026, 12:02:05 PM → cantonese: live | 👀 14 | 🎥 cPUOOs1mk6Y
Quota used so far: 694
----
6/7/2026, 12:04:05 PM → cantonese: live | 👀 14 | 🎥 cPUOOs1mk6Y
Quota used so far: 695
----
6/7/2026, 12:06:05 PM → cantonese: live | 👀 14 | 🎥 cPUOOs1mk6Y
Quota used so far: 696
----
6/7/2026, 12:08:05 PM → cantonese: live | 👀 14 | 🎥 cPUOOs1mk6Y
Quota used so far: 697
----
6/7/2026, 12:10:06 PM → cantonese: live | 👀 15 | 🎥 cPUOOs1mk6Y
Quota used so far: 698
----
6/7/2026, 12:12:05 PM → cantonese: live | 👀 15 | 🎥 cPUOOs1mk6Y
Quota used so far: 699
----
6/7/2026, 12:14:05 PM → cantonese: live | 👀 15 | 🎥 cPUOOs1mk6Y
Quota used so far: 700
----
6/7/2026, 12:16:05 PM → cantonese: live | 👀 13 | 🎥 cPUOOs1mk6Y
Quota used so far: 701
----
6/7/2026, 12:18:06 PM → cantonese: live | 👀 13 | 🎥 cPUOOs1mk6Y
Quota used so far: 702
----
6/7/2026, 12:20:05 PM → cantonese: live | 👀 14 | 🎥 cPUOOs1mk6Y
Quota used so far: 703
----
6/7/2026, 12:22:05 PM → cantonese: live | 👀 13 | 🎥 cPUOOs1mk6Y
Quota used so far: 704
----
6/7/2026, 12:24:05 PM → cantonese: live | 👀 12 | 🎥 cPUOOs1mk6Y
Quota used so far: 705
----
6/7/2026, 12:26:05 PM → cantonese: live | 👀 11 | 🎥 cPUOOs1mk6Y
Quota used so far: 706
----
🛑 cantonese stream just ended.
6/7/2026, 12:28:05 PM → cantonese: none
Quota used so far: 707
----
✅ All streams finished. Exiting bridge.
